category_en,orders,customers,products_sold,sellers,units,product_revenue,freight_revenue,gmv,avg_item_price,avg_weight_g,delivered_units,avg_review_score,avg_delivery_days,late_rate,rated_units,negative_review_rate,freight_ratio,pct_of_revenue,cumulative_pct
health_beauty,8757,8602,2411,485,9585,1251145.54,181067.84,1432213.38,130.531616066771,1044.332916014606,9422,4.178518361282106,11.852579070261092,0.07556781999575461,9422,0.12789216726809594,0.12642518393453356,0.09302522614307505,0.09302522614307505
watches_gifts,5599,5524,1319,98,5965,1194824.97,99999.46,1294824.43,200.3059463537301,581.6853310980721,5855,4.055346771438333,12.584315735520246,0.07209977789167948,5853,0.15237444482405194,0.07723013072899776,0.08883767673874525,0.1818629028818203
bed_bath_table,9394,9122,3018,194,11089,1035485.0700000001,204294.48,1239779.55,93.37948146812157,2119.1230949589685,10945,3.901324805847419,12.747555961626313,0.07035175879396985,10945,0.1879396984924623,0.16478290838076817,0.07699042975010557,0.2588533326319259
sports_leisure,7656,7454,2840,474,8573,977728.77,167025.1,1144753.87,114.04744780123644,1729.952058789222,8414,4.152008557166627,12.069416379412813,0.06323546891715202,8413,0.13382457808414547,0.14590481358232926,0.07269613088805049,0.3315494635199764
computers_accessories,6636,6504,1623,284,7760,902922.7,146278.79,1049201.49,116.3560180412371,902.8108247422681,7632,3.978249475890985,13.143231555497314,0.06486698990957934,7631,0.17269392033542977,0.13941915961251639,0.06713414680534761,0.398683610325324
furniture_decor,6373,6243,2605,356,8229,721584.27,170853.26,892437.53,87.68796573095152,2653.7344756349494,8095,3.941445336627548,12.80308832612724,0.07090796788140828,8095,0.1849289684990735,0.1914456242108061,0.05365126418309075,0.45233487450841475
housewares,5838,5775,2313,462,6903,625538.73,144953.87,770492.6,90.6183876575402,3222.6568158771547,6783,4.0984960188734885,10.85124576146248,0.05012531328320802,6783,0.1450899439693306,0.1881314239747403,0.04651008212801683,0.4988449566364316
cool_stuff,3609,3593,780,260,3772,619724.39,83124.97,702849.36,164.2959676564157,2539.996818663839,3711,4.1821611425491785,12.300727566693613,0.05847480463486931,3711,0.12206952303961197,0.11826854334761008,0.04607777407425298,0.5449227307106845
auto,3863,3820,1875,370,4195,585177.48,91676.7,676854.18,139.49403575685338,2588.1849821215733,4132,4.092207163601162,12.125877511498427,0.07044299201161947,4131,0.14569215876089062,0.13544527419480515,0.04350914075978305,0.5884318714704676
garden_tools,3500,3471,746,235,4323,479650.06,98409.95,578060.01,110.95305574832292,2826.385380522785,4263,4.073187895847995,13.666666666666666,0.06568144499178982,4263,0.15177105324888576,0.17024175396599395,0.035662961561641754,0.6240948330321093
toys,3833,3792,1386,248,4059,475702.04,76489.72,552191.76,117.19685636856369,1855.2416851441242,4006,4.19370943584623,11.586267166042447,0.06392009987515605,4005,0.12581128307538691,0.13852021261599412,0.0353694182115073,0.6594642512436166
baby,2859,2832,897,239,3032,408941.03,67861.42,476802.45,134.8750098944591,3294.4308808973938,2971,4.063278357455403,12.42611915180074,0.07707842477280377,2971,0.15348367553012454,0.14232607235973724,0.030405600770420396,0.689869852014037
perfumery,3120,3084,858,172,3373,391770.21,53495.06,445265.27,116.1488911947821,480.6418618440557,3311,4.215040773180308,11.65176683781335,0.06553911205073996,3311,0.13168227121715495,0.12014199984651845,0.02912891523504932,0.7189987672490864
telephony,4175,4129,1122,146,4518,322082.46,70841.77,392924.23,71.28872509960159,261.6923417441346,4422,3.9864314789687922,12.797150610583447,0.06965174129353234,4422,0.15784712799638173,0.1802937171881714,0.02394748869761221,0.7429462559466986
office_furniture,1266,1257,309,34,1684,272279.82,68205.65,340485.47,161.6863539192399,11380.60866983373,1662,3.5138387484957883,20.717208182912152,0.08002406738868832,1662,0.25511432009626955,0.20031882711470772,0.020244560700504732,0.7631908166472033
stationery,2299,2284,844,173,2505,229593.84,46558.340000000004,276152.18,91.65422754491019,2749.9580838323354,2466,4.237631792376318,12.671532846715328,0.06772100567721005,2466,0.11759935117599352,0.16859667738273876,0.01707077090891999,0.7802615875561233
computers,181,179,30,9,203,222963.13,9836.3,232799.43,1098.3405418719212,7216.79802955665,199,4.185929648241206,13.43718592964824,0.05025125628140704,199,0.12562814070351758,0.042252251218999975,0.01657776407836441,0.7968393516344877
pet_shop,1702,1681,715,135,1938,213076.95,39324.15,252401.1,109.946826625387,2908.346233230134,1920,4.2078125,11.143229166666666,0.049479166666666664,1920,0.12291666666666666,0.15580023224938402,0.01584270640458559,0.8126820580390733
small_appliances,622,619,226,101,671,187907.26,15824.24,203731.5,280.0406259314456,2962.929955290611,658,4.2051671732522795,10.7370820668693,0.04559270516717325,658,0.1276595744680851,0.0776720340251753,0.013971288548433464,0.8266533465875068
musical_instruments,620,616,284,68,669,187788.44,18232.88,206021.32,280.70020926756354,3089.932735426009,651,4.204301075268817,12.929339477726575,0.07373271889400922,651,0.1228878648233487,0.08849996689662992,0.013962454038764572,0.8406158006262714
unknown,1435,1429,600,256,1587,178506.66,27921.71,206428.37,112.48056710775047,1650.5503184713375,1535,3.9211726384364822,12.728338762214984,0.0749185667752443,1535,0.2,0.13526101087752618,0.013272334739366141,0.8538881353656376
electronics,2542,2532,513,146,2754,156971.55,46325.43,203296.98,56.997657952069716,777.5010893246188,2728,4.05425219941349,12.809017595307918,0.07587976539589443,2728,0.15102639296187684,0.2278707239035228,0.011671155329202558,0.8655592906948402
fashion_bags_accessories,1850,1785,843,98,2016,151238.55,31173.61,182412.16,75.01912202380952,377.7470238095238,1976,4.1826923076923075,11.013663967611336,0.05313765182186235,1976,0.11740890688259109,0.17089655645763965,0.011244895070561305,0.8768041857654014
consoles_games,1044,1040,310,81,1117,151045.01,19505.17,170550.18,135.22382273948077,435.80393912265,1082,4.109981515711645,13.4362292051756,0.059149722735674676,1082,0.12939001848428835,0.11436616484368413,0.011230504976289996,0.8880346907416914
construction_tools_construction,746,742,400,127,927,144550.19,20629.5,165179.69,155.9333225458468,3124.8576051779937,916,4.077510917030568,10.641921397379912,0.06331877729257641,916,0.14301310043668122,0.12489126235798118,0.01074760184476577,0.8987822925864571
luggage_accessories,1030,1024,348,73,1088,140111.38,30392.71,170504.09,128.77884191176472,5793.386029411765,1077,4.346332404828226,10.617455896007428,0.04178272980501393,1077,0.0882079851439183,0.17825208767719297,0.01041756725577931,0.9091998598422365
home_appliances_2,231,226,90,46,235,110649.74,10405.78,121055.52,470.84995744680856,8946.76170212766,231,4.16017316017316,13.86147186147186,0.06060606060606061,231,0.12121212121212122,0.08595874025405864,0.008227034151576369,0.9174268939938128
home_construction,489,488,225,68,603,83010.12,13823.5,96833.62,137.66189054726368,3055.620232172471,596,3.9446308724832213,13.15268456375839,0.0587248322147651,596,0.17785234899328858,0.14275517118951042,0.0061719719555278895,0.9235988659493407
home_appliances,762,701,369,48,769,80001.24,14770.06,94771.3,104.03282184655397,1913.4733420026007,754,4.213527851458886,11.221485411140584,0.04509283819628647,754,0.11007957559681697,0.15584950296133956,0.005948255582421228,0.9295471215317619
agro_industry_and_commerce,182,181,74,34,212,72530.47,5843.6,78374.07,342.12485849056606,3625.1132075471696,206,4.087378640776699,11.58252427184466,0.03398058252427184,206,0.13592233009708737,0.07456037436871658,0.005392788575191277,0.9349399101069532
furniture_living_room,420,413,155,55,501,68638.56,17918.74,86557.3,137.0031137724551,8104.878243512974,495,3.915151515151515,13.775757575757575,0.0707070707070707,495,0.17575757575757575,0.2070159304876654,0.005103417118151599,0.9400433272251048
home_confort,397,396,111,20,434,58572.04,8501.23,67073.27,134.95861751152074,3114.400921658986,429,3.8531468531468533,13.461538461538462,0.09324009324009325,429,0.19813519813519814,0.12674542332586436,0.004354950797060139,0.9443982780221649
fixed_telephony,209,209,110,48,256,57119.33,4520.27,61639.6,223.1223828125,562.38671875,250,3.74,12.508,0.04,250,0.24,0.07333386329567357,0.004246938841656209,0.9486452168638211
air_conditioning,246,244,121,51,285,53016.07,6515.59,59531.66,186.02129824561405,4065.4842105263156,281,3.98576512455516,11.665480427046264,0.03914590747330961,281,0.1708185053380783,0.10944747719112821,0.0039418530804714354,0.9525870699442925
audio,347,346,56,36,361,50511.61,5676.62,56188.229999999996,139.92135734072022,1226.7008310249307,360,3.818941504178273,13.283333333333333,0.11666666666666667,360,0.21727019498607242,0.10102863179708634,0.0037556413645536487,0.9563427113088462
small_appliances_home_oven_and_coffee,75,75,31,15,76,47445.71,2747.86,50193.57,624.2856578947368,5074.894736842105,73,4.438356164383562,9.794520547945206,0.0547945205479452,73,0.0684931506849315,0.0547452592035195,0.0035276854379936943,0.9598703967468398
kitchen_dining_laundry_garden_furniture,245,245,93,51,278,45925.37,11813.93,57739.3,165.1991726618705,8910.615107913669,274,4.018248175182482,11.795620437956204,0.043795620437956206,274,0.1386861313868613,0.20460812652733926,0.0034146450539674186,0.9632850418008072
books_general_interest,504,498,211,53,545,45502.79,9011.36,54514.15,83.49135779816514,739.5064220183486,537,4.504655493482309,11.548507462686567,0.061567164179104475,536,0.06890130353817504,0.16530313689198126,0.0033832253679223078,0.9666682671687296
construction_tools_lights,243,243,77,36,302,40002.0,7509.18,47511.18,132.4569536423841,3376.3741721854303,301,4.003322259136213,9.67109634551495,0.07308970099667775,301,0.16279069767441862,0.15805079983279727,0.0029742303970290204,0.9696424975657586
construction_tools_safety,165,164,89,34,189,39589.02,3831.57,43420.59,209.46571428571426,808.5132275132275,183,3.9508196721311477,11.857923497267759,0.0273224043715847,183,0.18032786885245902,0.08824315837256012,0.002943524490590216,0.9725860220563488
industry_commerce_and_business,232,230,68,28,264,39310.01,7810.72,47120.73,148.90155303030303,6732.223484848485,261,4.091954022988506,10.596153846153847,0.06538461538461539,260,0.1417624521072797,0.16575974098873256,0.002922779527261506,0.9755088015836103
food,448,443,80,57,508,29163.61,7236.94,36400.55,57.40868110236221,650.1751968503937,498,4.204819277108434,9.487951807228916,0.07028112449799197,498,0.13453815261044177,0.19881402890890382,0.0021683739650292366,0.9776771755486395
market_place,272,271,100,55,297,26982.28,5133.07,32115.350000000002,90.84942760942761,1097.4309764309764,294,4.017006802721088,11.741496598639456,0.03741496598639456,294,0.13945578231292516,0.15983229203480576,0.0020061876245474775,0.979683363173187
costruction_tools_garden,192,189,87,32,234,25552.18,5229.71,30781.89,109.19735042735043,2327.6581196581196,232,4.116379310344827,11.844827586206897,0.05603448275862069,232,0.15517241379310345,0.1698956756716368,0.001899856768820484,0.9815832199420075
art,201,201,54,35,208,24167.64,4028.57,28196.21,116.19057692307692,1557.3413461538462,197,4.060913705583756,11.304568527918782,0.06091370558375635,197,0.14720812182741116,0.1428762943672217,0.0017969133921417538,0.9833801333341492
fashion_shoes,237,235,170,13,259,23322.89,4884.57,28207.46,90.04976833976833,1012.7413127413128,256,4.26171875,15.4140625,0.04296875,256,0.1171875,0.17316589299426463,0.0017341045043888848,0.9851142378385381
drinks,296,291,81,36,378,22378.71,5722.04,28100.75,59.202936507936506,1043.4920634920634,361,4.119113573407202,10.34349030470914,0.0443213296398892,361,0.12465373961218837,0.20362588187148029,0.0016639027930677793,0.986778140631606
signaling_and_security,140,139,93,46,199,21509.23,6507.820000000001,28017.05,108.08658291457286,3886.7236180904524,197,4.081218274111675,10.431472081218274,0.04060913705583756,197,0.1218274111675127,0.23228070050201577,0.0015992551793082475,0.9883773958109142
furniture_bedroom,95,91,45,23,109,20028.78,4632.23,24661.01,183.75027522935778,9989.220183486239,103,4.252427184466019,13.174757281553399,0.06796116504854369,103,0.1262135922330097,0.1878361835139761,0.00148918069825026,0.9898665765091644
books_technical,259,258,122,25,266,18829.06,4250.22,23079.28,70.78593984962407,1011.1315789473684,263,4.376425855513308,10.577946768060837,0.07984790874524715,263,0.10646387832699619,0.1841573913917592,0.0013999790660337796,0.9912665555751982
costruction_tools_tools,97,97,39,24,103,15903.95,2030.22,17934.17,154.40728155339806,1161.7669902912621,103,4.359223300970874,12.067961165048544,0.05825242718446602,103,0.10679611650485436,0.11320401222916925,0.0011824911635125667,0.9924490467387107
food_drink,225,223,102,33,276,15119.48,4488.62,19608.1,54.78072463768116,1109.9420289855072,269,4.368029739776952,10.806691449814126,0.040892193308550186,269,0.06691449814126393,0.2289166211922624,0.0011241642168709647,0.9935732109555817
fashion_male_clothing,110,108,93,13,130,10723.92,2133.67,12857.59,82.4916923076923,583.2692307692307,124,3.7580645161290325,12.790322580645162,0.056451612903225805,124,0.25,0.1659463398661802,0.0007973453537150006,0.9943705563092967
fashion_underwear_beach,121,121,53,9,131,9541.55,1916.19,11457.74,72.83625954198473,276.14503816793894,127,4.0236220472440944,13.606299212598426,0.09448818897637795,127,0.16535433070866143,0.16723978725298358,0.0007094337294328345,0.9950799900387296
christmas_supplies,127,127,64,17,152,8787.83,3221.36,12009.19,57.81467105263158,1904.8552631578948,150,3.953333333333333,15.673333333333334,0.1,150,0.16666666666666666,0.2682412385847838,0.0006533931080926838,0.9957333831468222
tablets_printing_image,79,79,9,6,83,7528.41,1226.2,8754.61,90.70373493975903,307.09638554216866,83,4.048192771084337,12.963855421686747,0.060240963855421686,83,0.1566265060240964,0.14006334948101629,0.0005597526589494837,0.9962931358057717
cine_photo,65,65,28,14,72,6933.46,1256.2,8189.66,96.29805555555555,1160.861111111111,70,4.285714285714286,10.5,0.05714285714285714,70,0.12857142857142856,0.1533885411604389,0.0005155169113690523,0.9968086527171408
music,38,38,27,19,38,6034.35,690.51,6724.86,158.79868421052632,1688.1052631578948,38,4.2105263157894735,11.552631578947368,0.05263157894736842,38,0.10526315789473684,0.10268020449496347,0.000448666246595472,0.9972573189637363
books_imported,53,52,31,7,60,4639.85,769.85,5409.7,77.33083333333335,625.8333333333334,57,4.508771929824562,7.964912280701754,0.03508771929824561,57,0.08771929824561403,0.14230918535223766,0.0003449823235751988,0.9976023012873114
dvds_blu_ray,57,56,47,10,62,4559.49,1244.8799999999999,5804.37,73.54016129032257,460.0806451612903,61,4.180327868852459,12.852459016393443,0.06557377049180328,61,0.14754098360655737,0.21447288853053817,0.0003390073934540735,0.9979413086807655
party_supplies,39,39,26,12,43,4485.18,827.97,5313.15,104.30651162790699,1997.6744186046512,42,3.8333333333333335,9.142857142857142,0.0,42,0.21428571428571427,0.15583410970892975,0.00033348229318900613,0.9982747909739544
furniture_mattress_and_upholstery,38,38,10,5,38,4368.08,1630.46,5998.54,114.94947368421053,7557.894736842105,37,3.891891891891892,14.405405405405405,0.13513513513513514,37,0.1891891891891892,0.2718094736385854,0.00032477566903291145,0.9985995666429873
portable_kitchen_and_food_preparers,13,13,9,5,14,3933.63,294.42,4228.05,280.97357142857146,2996.4285714285716,14,3.4285714285714284,7.928571428571429,0.07142857142857142,14,0.2857142857142857,0.06963493809202824,0.0002924734242454194,0.9988920400672328
fashio_female_clothing,38,38,26,11,47,2748.7400000000002,607.02,3355.76,58.48382978723405,552.1276595744681,44,3.909090909090909,11.659090909090908,0.06818181818181818,44,0.13636363636363635,0.18088897894962688,0.00020437443281659794,0.9990964145000494
fashion_sport,27,27,19,10,30,2119.51,578.13,2697.64,70.65033333333334,340.0,29,4.344827586206897,11.793103448275861,0.034482758620689655,29,0.06896551724137931,0.21430954463901783,0.00015758989722531322,0.9992540043972747
la_cuisine,13,13,10,2,14,2054.99,333.55,2388.54,146.785,3685.714285714286,14,3.7857142857142856,7.642857142857143,0.0,14,0.2857142857142857,0.13964597620303618,0.00015279270345459393,0.9994067971007293
arts_and_craftmanship,23,21,19,13,24,1814.01,370.13,2184.14,75.58375,1369.875,24,4.125,5.666666666666667,0.041666666666666664,24,0.125,0.16946258023753058,0.00013487534829545057,0.9995416724490248
diapers_and_hygiene,25,24,10,6,37,1403.8899999999999,546.37,1950.26,37.94297297297297,662.1621621621622,36,3.3333333333333335,10.083333333333334,0.0,36,0.2222222222222222,0.2801523899377519,0.0001043820886976919,0.9996460545377225
pc_gamer,7,7,2,2,8,1306.95,123.14999999999999,1430.1,163.36875,2018.125,8,3.625,9.5,0.0,8,0.25,0.08611285924061254,9.717440171484122e-05,0.9997432289394373
flowers,29,29,14,3,33,1110.04,488.87,1598.91,33.63757575757575,1834.8484848484848,33,4.212121212121212,11.121212121212121,0.030303030303030304,33,0.12121212121212122,0.30575204357968866,8.25337410608993e-05,0.9998257626804983
home_comfort_2,24,23,5,4,30,760.27,410.31,1170.58,25.342333333333332,827.9333333333333,30,3.3666666666666667,14.533333333333333,0.13333333333333333,30,0.3333333333333333,0.3505185463616327,5.6527627217370465e-05,0.9998822903077157
cds_dvds_musicals,12,12,1,1,14,730.0,224.98999999999998,954.99,52.142857142857146,550.0,14,4.642857142857143,10.571428571428571,0.0,14,0.0,0.23559408999047107,5.4276990896234816e-05,0.9999365672986119
fashion_childrens_clothes,8,8,5,4,8,569.85,95.51,665.36,71.23125,265.0,7,5.0,8.857142857142858,0.0,7,0.0,0.14354635084766143,4.236951131810878e-05,0.99997893680993
security_and_services,2,2,2,2,2,283.28999999999996,41.22,324.51,141.64499999999998,812.5,2,2.5,15.0,0.0,2,0.5,0.1270222797448461,2.1063190069855286e-05,0.9999999999999999
