seller_id,seller_state,seller_region,orders,units,products,product_revenue,freight_revenue,avg_item_price,late_rate,avg_delivery_days,avg_review_score,pct_of_revenue
4869f7a5dfa277a7dca6462dcf3b52b2,SP,Southeast,1131,1155,95,229237.63,20155.81,198.47413852813852,0.10540069686411149,14.936411149825783,4.128919860627177,0.017044285967923897
53243585a1d6dc2643021fd1853d8905,BA,Northeast,358,410,23,222776.05,13080.63,543.3562195121951,0.03,13.29,4.12,0.01656385429828651
4a3ca9315b744ce9f8e9374361493884,SP,Southeast,1804,1985,399,200326.12,35033.18,100.91995969773299,0.0969728065674705,14.369933299127759,3.8040020523345306,0.014894656152764441
fa1c13f2614d7b5c4749cbc52fecda94,SP,Southeast,584,585,289,192842.13,10019.54,329.6446666666667,0.09153713298791019,13.295336787564766,4.360967184801382,0.014338206211534973
7c67e1448b00f6e969d365cea6b010ab,SP,Southeast,982,1364,198,187923.89,51612.55,137.7741129032258,0.08856088560885608,22.33357933579336,3.34760147601476,0.013972525022897305
7e93a43ef30c4f03f38b393420bc753a,SP,Southeast,331,335,181,171184.88,6229.99,510.9996417910448,0.04672897196261682,11.280373831775702,4.35202492211838,0.012727945442921985
da8622b14eb17ae2831f4ac5b9dab84a,SP,Southeast,1314,1551,222,160236.57,24955.75,103.31177949709866,0.06395348837209303,11.112403100775193,4.060077519379845,0.01191391623442999
7a67c85e85bb2ce8582c35f2203ad736,SP,Southeast,1159,1170,149,141715.54,20891.7,121.12439316239318,0.05194805194805195,11.136796536796536,4.251082251082251,0.010536839827993152
1025f0e2d44d7041d6cf58b6550e0bfa,SP,Southeast,915,1428,154,138968.55,33892.14,97.31691176470588,0.06690140845070422,11.997183098591549,3.8577464788732394,0.010332595511250618
955fee9216a65b617aa5c0531780ce60,SP,Southeast,1286,1498,104,135159.7,25423.2,90.22676902536716,0.06453804347826086,10.667798913043478,4.074728260869565,0.01004939973484634
46dc3b2cc0980fb8ec44634e21d2718e,RJ,Southeast,509,529,182,124916.32,11576.55,236.13671077504728,0.056530214424951264,11.602339181286549,4.2592592592592595,0.009287783511549528
6560211a19b47992c3666cc44a7e94c0,SP,Southeast,1847,2025,256,122776.83,27745.19,60.63053333333333,0.05110220440881764,9.47194388777555,3.93186372745491,0.009128708060518588
7d13fca15225358621be4086e1eb0964,SP,Southeast,565,578,57,113628.97,8632.05,196.58991349480968,0.11208406304728546,15.612959719789842,4.007005253940456,0.008448545986628135
5dceca129747e92ff8ef7a997dc4f8ca,SP,Southeast,324,345,47,112085.63,13652.05,324.88588405797105,0.052478134110787174,11.329446064139942,4.005830903790088,0.008333795505628416
620c87c171fb2a6dd6e8bb4dec959fc6,RJ,Southeast,709,765,123,108771.8,13593.23,142.1853594771242,0.08620689655172414,12.779840848806366,4.2175066312997345,0.008087405477215169
1f50f920176fa81dab994f9023523100,SP,Southeast,1403,1930,23,106889.31,35148.17,55.3830621761658,0.0778816199376947,15.48078920041537,3.984942886812046,0.007947438501061398
cc419e0650a3c5ba77189a1882b7556a,SP,Southeast,1697,1766,37,103634.51,25535.44,58.683187995469986,0.051192553810354854,11.485165794066317,4.137289121582315,0.007705437473706514
a1043bafd471dff536d0c462352beb48,MG,Southeast,715,767,6,101483.16,31712.64,132.31181225554107,0.04920212765957447,13.554521276595745,4.242021276595745,0.007545480207453618
3d871de0142ce09b7081e2b9d1733cb1,SP,Southeast,1076,1143,202,94508.2,22327.6,82.6843394575678,0.05481874447391689,13.34924845269673,4.130857648099028,0.007026877686328135
edb1ef5e36e0c8cd84eb3c9b003e486d,RJ,Southeast,166,175,55,79284.55,3905.1,453.0545714285714,0.06896551724137931,11.632183908045977,4.454022988505747,0.00589496821720832
ccc4bbb5f32a6ab2b7066a4130f114e3,PR,South,187,192,12,74004.62,5256.98,385.44072916666664,0.06349206349206349,15.788359788359788,4.322751322751323,0.005502394638382625
f7ba60f8c3f99e7ee4042fdef03b70c4,SP,Southeast,219,230,9,68395.0,4341.01,297.3695652173913,0.13100436681222707,13.043668122270743,4.218340611353712,0.0050853079347232604
fe2032dab1a61af8794248c8196565c9,SP,Southeast,294,306,70,65959.61,4721.34,215.55428104575162,0.08524590163934426,10.557377049180328,4.370491803278688,0.004904231714368766
8581055ce74af1daba164fdbd55a40de,SP,Southeast,385,432,32,64549.42,9588.5,149.4199537037037,0.07981220657276995,12.826291079812206,4.258215962441315,0.004799381207804434
cca3071e3e9bb7d12640c9fbe2301306,SP,Southeast,703,816,311,63031.29,14155.13,77.24422794117648,0.046019900497512436,14.130597014925373,3.825870646766169,0.0046865051417916935
04308b1ee57b6625f47df1d56f00eedf,SC,South,94,94,20,60130.6,3054.39,639.6872340425532,0.07608695652173914,18.869565217391305,3.9456521739130435,0.004470832916144024
522620dcb18a6b31cd7bdf73665113a9,PR,South,171,177,38,56459.69,4597.8,318.98129943502823,0.08571428571428572,15.17142857142857,3.874285714285714,0.004197893260457863
17e34d8224d27a541263c4c64b11a56b,SP,Southeast,253,266,111,55470.32,5208.35,208.53503759398495,0.07307692307692308,13.988461538461538,4.188461538461539,0.004124331580344153
de722cd6dad950a92b7d4f82673f8833,PE,Northeast,339,379,7,55426.1,9686.65,146.2430079155673,0.03183023872679045,12.710875331564987,4.159151193633952,0.004121043733032603
7ddcbb64b5bc1ef36ca8c151f6ec77df,SP,Southeast,332,341,19,55375.590000000004,7915.41,162.3917595307918,0.08083832335329341,12.54191616766467,3.9580838323353293,0.004117288211374838
37be5a7c751166fbc5f8ccba4119e043,SP,Southeast,272,281,9,55350.55,6083.33,196.97704626334522,0.025179856115107913,10.528776978417266,4.316546762589928,0.004115426436235055
218d46b86c1881d022bce9c68a7d4b15,SP,Southeast,387,425,143,54699.3,7573.9,128.70423529411767,0.08333333333333333,13.75,4.164285714285715,0.0040670046686718045
25c5c91f63607446a97b143d2d535d31,MG,Southeast,158,269,18,54679.22,7000.11,203.26847583643124,0.06015037593984962,13.81203007518797,3.710526315789474,0.004065511679661946
ceaec5548eefc6e23e6607c5435102e7,SP,Southeast,201,209,33,52487.18,6289.84,251.13483253588518,0.04854368932038835,12.87378640776699,4.194174757281553,0.0039025290288069014
f5a590cf36251cf1162ea35bef76fe84,SP,Southeast,114,119,61,51717.78,4151.18,434.60319327731094,0.06779661016949153,11.73728813559322,4.279661016949152,0.0038453225674431163
966cb4760537b1404caedd472cc610a5,SP,Southeast,75,75,17,51286.05,1649.82,683.8140000000001,0.029850746268656716,9.985074626865671,4.121212121212121,0.0038132225602107448
e882b2a25a10b9c057cc49695f222c19,RJ,Southeast,57,58,19,51057.54,2856.22,880.3024137931035,0.0,9.448275862068966,4.586206896551724,0.0037962323750193763
b2ba3715d723d245138f291a6fe42594,SP,Southeast,332,357,179,50838.48,6408.16,142.40470588235294,0.06321839080459771,13.873563218390805,4.195402298850575,0.003779944816627967
f8db351d8c4c4c22c6835c19a46f01b0,SP,Southeast,666,723,146,50498.7,12546.75,69.84605809128631,0.05042016806722689,9.890756302521009,4.240896358543417,0.0037546814796872506
17f51e7198701186712e53a39c564617,SP,Southeast,56,61,27,48019.0,9793.43,787.1967213114754,0.08196721311475409,22.81967213114754,4.344262295081967,0.0035703107203373967
8160255418d5aaa7dbdc9f4c64ebda44,SP,Southeast,385,431,57,47017.69,7853.81,109.08976798143853,0.1509433962264151,16.691037735849058,3.8514150943396226,0.0034958612768383433
77530e9772f57a62c906e1c21538ab82,PR,South,318,387,169,46322.5,8404.26,119.69638242894057,0.08947368421052632,14.965789473684211,4.078947368421052,0.0034441724805353933
4e922959ae960d389249c378d1c939f5,SP,Southeast,419,453,136,46011.37,7259.86,101.570353200883,0.0898876404494382,14.555056179775281,3.898876404494382,0.003421039329607249
c826c40d7b19f62a09e2d7c5e7295ee2,SP,Southeast,354,373,17,45643.74,5573.48,122.36927613941018,0.07123287671232877,13.10958904109589,4.0849315068493155,0.00339370528828782
850f4f8af5ea87287ac68de36e29107f,SP,Southeast,187,192,42,45355.36,3114.41,236.22583333333333,0.04712041884816754,10.078534031413612,4.282722513089006,0.003372263646322538
b33e7c55446eabf8fe1a42d037ac7d6d,SP,Southeast,152,155,34,44985.17,2725.07,290.22690322580644,0.11842105263157894,16.32894736842105,4.190789473684211,0.0033447392637747605
eeb6de78f79159600292e314a77cbd18,SC,South,83,84,46,43739.84,3055.44,520.712380952381,0.03614457831325301,12.120481927710843,4.421686746987952,0.0032521464349079
4d6d651bd7684af3fffabd5f08d12e5a,SP,Southeast,368,394,70,43517.5,7882.79,110.4505076142132,0.038560411311053984,12.987146529562983,4.19280205655527,0.003235615001817669
e9779976487b77c6d4ac45f75ec7afe9,SP,Southeast,656,749,133,43127.95,10127.86,57.58070761014686,0.06233062330623306,9.769647696476964,4.1924119241192415,0.003206651163730507
c3cfdc648177fdbbbb35635a37472c53,PR,South,278,307,111,43048.18,6079.63,140.22208469055374,0.013029315960912053,9.648208469055374,4.449511400651466,0.003200720101314353
2eb70248d66e0e3ef83659f71b244378,SP,Southeast,202,212,33,42628.61,3231.4900000000002,201.07834905660377,0.116751269035533,17.883248730964468,2.7766497461928936,0.003169524214916636
d91fb3b7d041e83b64a00a3edfb37e4f,SP,Southeast,535,536,315,40889.74,9290.77,76.28682835820895,0.0380952380952381,11.217142857142857,4.121904761904762,0.0030402356790813815
17a053fcb14bd219540cbde0df490be0,SP,Southeast,125,149,87,40703.14,8828.43,273.1754362416107,0.05405405405405406,11.912162162162161,4.202702702702703,0.0030263615879837957
834f3294fba9f932f56edc879193f925,SP,Southeast,66,66,3,39907.5,4299.92,604.6590909090909,0.06060606060606061,14.181818181818182,4.545454545454546,0.0029672041290294392
712e6ed8aa4aa1fa65dab41fed5737e4,SC,South,79,87,24,39815.0,6889.13,457.64367816091954,0.2,23.68235294117647,3.4352941176470586,0.0029603265651145056
634964b17796e64304cadf1ad3050fb7,RJ,Southeast,267,325,28,39357.1,5938.91,121.09876923076922,0.08978328173374613,14.343653250773993,3.873065015479876,0.002926280764934525
391fc6631aebcf3004804e51b40bcf1e,SP,Southeast,518,600,127,39035.72,9950.87,65.05953333333333,0.08108108108108109,14.150337837837839,3.991554054054054,0.0029023855055725634
7142540dd4c91e2237acb7e911c4eba2,SP,Southeast,319,331,266,37373.56,6915.6,112.91105740181268,0.0701219512195122,14.689024390243903,4.060975609756097,0.0027788005149039525
ea8482cd71df3c1969d7b9473ff13abc,SP,Southeast,1145,1202,220,37147.53,17536.989999999998,30.904767054908486,0.08417508417508418,13.219696969696969,3.968013468013468,0.0027619947227775473
7178f9f4dd81dcef02f62acdf8151e01,SC,South,203,216,57,37070.4,4408.52,171.62222222222223,0.03255813953488372,15.516279069767442,4.032558139534884,0.0027562599497531273
c70c1b0d8ca86052f45a432a38b73958,SP,Southeast,261,338,66,36537.369999999995,3938.91,108.09872781065087,0.050595238095238096,7.532738095238095,4.285714285714286,0.0027166280806333737
c3867b4666c7d76867627c2f7fb22e21,SP,Southeast,240,254,98,36485.5,4968.57,143.64370078740157,0.1037344398340249,15.136929460580912,3.991701244813278,0.0027127714401980483
06a2c3af7b3aee5d69171b0e14f0ee87,MA,Northeast,392,405,44,36408.95,12141.29,89.89864197530864,0.19402985074626866,17.65174129353234,3.9800995024875623,0.002707079791358176
e9bc59e7b60fc3063eb2290deda4cced,PR,South,215,268,42,34262.06,4678.52,127.84350746268656,0.09615384615384616,14.446153846153846,4.0346153846153845,0.002547454135214042
7299e27ed73d2ad986de7f7c77d919fa,MG,Southeast,337,360,88,34225.43,6834.9,95.0706388888889,0.04189944134078212,11.287709497206704,4.430167597765363,0.0025447306199037284
9c0e69c7bf2619675bbadf47b43f655a,SP,Southeast,156,205,68,33631.78,2892.42,164.05746341463413,0.08,15.085,4.065,0.0025005915299783177
dbc22125167c298ef99da25668e1011f,MG,Southeast,402,425,100,33558.18,7944.53,78.96042352941177,0.023980815347721823,11.311750599520384,4.2685851318944845,0.0024951192196633
1835b56ce799e6a4dc4eddc053f04066,SP,Southeast,423,558,147,33344.21,8741.95,59.75664874551971,0.08892921960072596,12.695099818511796,3.591651542649728,0.0024792101131673175
5c243662ce92d84573bfaff24c3e3700,SP,Southeast,98,100,24,32862.02,1775.64,328.62019999999995,0.01,10.85,4.1,0.002443358301879296
2528513dd95219a6013d4d05176e391a,SP,Southeast,160,166,84,32660.2,3740.77,196.74819277108435,0.04216867469879518,10.5,3.927710843373494,0.0024283525726975456
76d5af76d0271110f9af36c92573f765,SP,Southeast,128,156,80,32014.6,3806.34,205.22179487179486,0.08552631578947369,11.348684210526315,4.092105263157895,0.002380350894173423
70eea00b476a314817cefde4aad4f89a,SP,Southeast,108,114,30,31994.649999999998,2769.52,280.6548245614035,0.0625,13.25,4.366071428571429,0.0023788675709290673
7681ef142fd2c19048da7430856b5588,SP,Southeast,59,77,24,31941.81,2916.12,414.82870129870133,0.07894736842105263,10.381578947368421,4.078947368421052,0.002374938809012688
855668e0971d4dfd7bef1b6a4133b41b,SP,Southeast,310,321,72,31918.21,7720.7300000000005,99.43367601246106,0.12540192926045016,16.05466237942122,3.810289389067524,0.0023731841008138507
e59aa562b9f8076dd550fcddf0e73491,PR,South,70,84,9,31574.3,2229.67,375.8845238095238,0.07317073170731707,13.621951219512194,4.329268292682927,0.002347613689938338
0241d4d5d36f10f80c644447315af0bd,PR,South,238,246,56,31397.7,6853.91,127.6329268292683,0.044715447154471545,10.886178861788618,4.296747967479675,0.002334483119263989
88460e8ebdecbfecb5f9601833981930,PR,South,247,301,12,31396.65,4980.75,104.3078073089701,0.16333333333333333,18.233333333333334,3.37,0.0023344050496195493
87142160b41353c4e5fca2360caf6f92,RS,South,305,339,56,31095.98,7218.33,91.72855457227139,0.04129793510324484,10.725663716814159,4.359882005899705,0.0023120496210541092
70a12e78e608ac31179aea7f8422044b,SP,Southeast,315,328,121,30858.53,5606.91,94.08088414634146,0.09287925696594428,14.653250773993808,3.78328173374613,0.002294394728604368
53e4c6e0f4312d4d2107a8c9cddf45cd,SP,Southeast,471,520,160,29969.01,9827.83,57.632711538461535,0.046875,11.966796875,4.076171875,0.0022282570999166713
900ba814c251a692506d7834c1218441,SP,Southeast,88,88,7,29099.690000000002,2368.25,330.6782954545455,0.13953488372093023,12.372093023255815,4.22093023255814,0.0021636213824839114
1554a68530182680ad5c8b042c3ab563,MG,Southeast,241,262,69,28726.69,6650.06,109.64385496183206,0.061068702290076333,14.057251908396946,4.232824427480916,0.002135888070697205
0b90b6df587eb83608a64ea8b390cf07,PR,South,164,210,46,28592.32,3615.32,136.15390476190476,0.03349282296650718,14.334928229665072,4.0,0.0021258973867701817
59b22a78efb79a4797979612b885db36,MG,Southeast,125,133,67,27184.5,4897.57,204.39473684210526,0.11278195488721804,12.436090225563909,3.9473684210526314,0.0020212230945461577
7e1fb0a3ebfb01ffb3a7dae98bf3238d,SP,Southeast,157,172,25,27049.53,2956.36,157.26470930232557,0.1242603550295858,15.550295857988166,4.124260355029586,0.0020111877993937402
d1c281d3ae149232351cd8c8cc885f0d,SP,Southeast,215,240,115,26942.6,5396.46,112.26083333333332,0.06276150627615062,12.472803347280335,3.774058577405858,0.0020032373355080768
12b9676b00f60f3b700e83af21824c0e,RS,South,134,134,37,26575.0,3553.53,198.32089552238807,0.007518796992481203,15.022556390977444,4.526315789473684,0.001975905524749918
9f505651f4a6abe901a56cdc21508025,SP,Southeast,397,430,77,26361.82,6030.04,61.306558139534886,0.03755868544600939,8.065727699530516,4.295774647887324,0.001960055156367371
a3a38f4affed601eb87a97788c949667,SC,South,252,261,114,26243.43,5201.51,100.54954022988505,0.04263565891472868,12.445736434108527,4.391472868217054,0.001951252618076679
de23c3b98a88888289c6f5cc1209054a,SP,Southeast,163,180,92,26220.670000000002,2672.07,145.6703888888889,0.06741573033707865,10.646067415730338,4.314606741573034,0.0019495603655933936
16090f2ca825584b5a147ab24aa30c86,SP,Southeast,402,410,37,25716.44,5456.67,62.7230243902439,0.07881773399014778,9.123152709359607,4.068965517241379,0.00191206983529256
c003204e1ab016dfa150abc119207b24,SP,Southeast,197,202,11,25108.09,4742.8,124.29747524752476,0.05,9.625,4.44,0.0018668377703449923
001cca7ae9ae17fb1caed9dfb1094831,ES,Southeast,200,239,11,25080.03,8854.14,104.9373640167364,0.05128205128205128,13.11111111111111,3.9358974358974357,0.0018647514520373917
1900267e848ceeba8fa32d80c1a5f5a8,SP,Southeast,411,529,127,24982.53,8138.06,47.22595463137996,0.06500956022944551,12.715105162523901,3.8489483747609943,0.0018575021279108397
a416b6a846a11724393025641d4edd5e,SP,Southeast,157,176,109,24930.24,2935.56,141.64909090909092,0.10795454545454546,12.602272727272727,4.215909090909091,0.0018536142596177385
1c68394e931a64f90ea236c5ea590300,PR,South,142,171,39,24832.75,2896.41,145.22076023391813,0.03508771929824561,15.67251461988304,3.9298245614035086,0.0018463656790116097
dc4a0fc896dc34b0d5bfec8438291c80,SP,Southeast,231,249,167,24180.77,4614.32,97.11152610441768,0.06611570247933884,13.764462809917354,3.8140495867768593,0.001797889634457463
2b3e4a2a3ea8e01938cabda2a3e5cc79,SP,Southeast,52,54,13,23629.15,905.95,437.57685185185187,0.0,8.61111111111111,4.388888888888889,0.0017568755608709135
710e3548e02bc1d2831dfc4f1b5b14d4,PR,South,134,140,33,23629.13,3831.44,168.7795,0.037037037037037035,14.08148148148148,3.437037037037037,0.0017568740738300671
1a3df491d1c4f1589fc2b934ada68bf2,SC,South,167,178,5,23302.7,4291.42,130.91404494382022,0.03508771929824561,14.953216374269006,4.239766081871345,0.0017326033366543711
612170e34b97004b3ba37eae81836b4c,RS,South,107,110,48,23065.02,2307.06,209.68200000000002,0.00909090909090909,10.772727272727273,4.427272727272728,0.0017149313432348959
7ad32824caee82087b3e2e5f33b1bf32,SP,Southeast,151,184,75,22505.1,3545.22,122.31032608695651,0.11666666666666667,11.4,3.7444444444444445,0.0016733001476970603
744dac408745240a2c2528fb1b6028f3,PR,South,79,84,75,22490.6,1894.42,267.74523809523805,0.012048192771084338,11.156626506024097,4.554216867469879,0.001672222043083368
06e5eefc71ec47ae763c5c6f8db7064f,RS,South,92,95,35,22188.56,2193.28,233.56378947368424,0.0,10.86021505376344,3.924731182795699,0.0016497647522199451
f45122a9ab94eb4f3f8953578bc0c560,SP,Southeast,187,200,89,22078.29,3325.84,110.39145,0.06598984771573604,12.451776649746193,3.9238578680203045,0.0016415659525129207
8444e55c1f13cd5c179851e5ca5ebd00,MG,Southeast,95,105,54,21967.96,2015.95,209.21866666666665,0.10784313725490197,21.205882352941178,3.156862745098039,0.0016333626916833568
897060da8b9a21f655304d50fd935913,SP,Southeast,309,418,100,21922.62,6670.29,52.44645933014354,0.10922330097087378,14.669902912621358,3.4490291262135924,0.0016299915700844043
05ff92fedb5be47920fea08e501238b9,RS,South,58,61,16,21903.78,1783.38,359.0783606557377,0.03389830508474576,11.88135593220339,4.271186440677966,0.0016285907776070275
8f2ce03f928b567e3d56181ae20ae952,SP,Southeast,153,175,79,21712.9,3837.11,124.07371428571429,0.12209302325581395,14.296511627906977,4.098837209302325,0.0016143984597682972
59fb871bf6f4522a87ba567b42dafecf,SP,Southeast,125,127,22,21598.58,2029.93,170.06755905511812,0.056451612903225805,11.919354838709678,4.282258064516129,0.0016058985342898623
d2374cbcbb3ca4ab1086534108cc3ab7,SP,Southeast,523,630,111,21196.02,9578.78,33.64447619047619,0.04838709677419355,14.251612903225807,3.6596774193548387,0.0015759673761320699
729f06993dac8e860d4f02d7088ca48a,SP,Southeast,96,115,17,20485.079999999998,4994.57,178.1311304347826,0.07964601769911504,10.761061946902656,4.300884955752212,0.001523107535162523
00ee68308b45bc5e2660cd833c3f81cc,SP,Southeast,135,172,23,20260.0,3180.66,117.79069767441861,0.06395348837209303,9.069767441860465,4.3313953488372094,0.0015063723774763251
48162d548f5b1b11b9d29d1e01f75a61,SP,Southeast,67,90,42,20223.04,2054.7400000000002,224.70044444444446,0.011235955056179775,11.202247191011235,3.8202247191011236,0.0015036243259920446
bfd27a966d91cfaafdb25d076585f0da,SP,Southeast,117,118,54,19921.0,2724.05,168.82203389830508,0.05217391304347826,12.347826086956522,4.2956521739130435,0.0014811670351286216
004c9cd9d87a3c30c522c48c4fc07416,SP,Southeast,158,170,88,19712.71,3551.23,115.95711764705882,0.05952380952380952,14.416666666666666,4.125,0.0014656802482330368
d650b663c3b5f6fb392b6326366efa9a,SP,Southeast,60,60,30,19242.9,910.14,320.71500000000003,0.05263157894736842,9.736842105263158,4.368421052631579,0.0014307489152289821
dc317f341ab0e22f39acbd9dbf9b4a1f,RS,South,55,58,7,18988.4,3581.73,327.38620689655176,0.05172413793103448,12.120689655172415,4.120689655172414,0.0014118263204576235
96493fab2fbb13a14d0c0e8772eef5c3,SP,Southeast,63,64,54,18969.0,1212.23,296.390625,0.0625,13.375,4.046875,0.0014103838908365455
f457c46070d02cadd8a68551231220dd,PR,South,196,231,23,18884.3,3667.75,81.75021645021644,0.05652173913043478,14.382608695652173,3.7869565217391306,0.0014040862728517357
44073f8b7e41514de3b7815dd0237f4f,DF,Central-West,144,153,77,18729.64,3172.29,122.4159477124183,0.046357615894039736,13.099337748344372,3.7417218543046356,0.0013925869859859662
0dd184061fb0eaa7ca37932c68ab91c5,SP,Southeast,161,193,11,18446.92,5319.5,95.57989637305698,0.08808290155440414,11.150259067357513,3.937823834196891,0.0013715661765802353
cd68562d3f44870c08922d380acae552,SP,Southeast,124,131,57,18370.7,2193.44,140.23435114503818,0.17829457364341086,16.697674418604652,3.891472868217054,0.00136589906391433
527801b552d0077ffd170872eb49683b,SP,Southeast,90,92,26,17942.8,2062.56,195.0304347826087,0.09782608695652174,12.934782608695652,4.445652173913044,0.0013340838250040575
a888faf2d1baececa6baf9c3d603ee1f,PR,South,54,55,19,17765.8,1121.52,323.01454545454544,0.09259259259259259,17.944444444444443,4.111111111111111,0.0013209235135127786
9de4643a8dbde634fe55621059d92273,SC,South,72,81,5,17560.34,1722.07,216.79432098765432,0.037037037037037035,14.975308641975309,4.530864197530864,0.00130564714289697
8b321bb669392f5163d04c59e235e066,SP,Southeast,943,1018,104,17535.69,14156.36,17.225628683693515,0.08656716417910448,12.538308457711443,4.017910447761194,0.001303814365053693
165fc07beebdcb6190fba8a06db2a449,PR,South,50,64,27,17481.4,1600.03,273.146875,0.09375,13.328125,3.6875,0.0012997777926759442
1e8b33f18b4f7598d87f5cbee2282cc2,SP,Southeast,123,140,30,17309.06,2702.24,123.63614285714287,0.02877697841726619,7.712230215827338,4.273381294964029,0.0012869639617018934
94144541854e298c2d976cb893b81343,RS,South,68,76,23,17286.28,1429.37,227.45105263157893,0.039473684210526314,12.302631578947368,4.315789473684211,0.0012852702221777615
54a1852d1b8f10312c55e906355666ee,SP,Southeast,200,204,47,17226.44,3387.96,84.44333333333333,0.07425742574257425,11.42079207920792,4.351485148514851,0.0012808209959651166
abe42c5d03695b4257b5c6cbf4e6784e,RJ,Southeast,50,50,37,17159.0,999.23,343.18,0.16326530612244897,14.285714285714286,3.9183673469387754,0.0012758066942308126
0c8380b62e38e8a1e6adbeba7eb9688c,MG,Southeast,180,216,93,17149.4,4034.7,79.39537037037037,0.04672897196261682,12.714953271028037,4.079439252336448,0.001275092914624506
76d64c4aca3a7baf218bf93ef7fa768d,PR,South,64,69,37,16911.8,3543.4900000000002,245.09855072463768,0.028985507246376812,10.63768115942029,4.115942028985507,0.0012574268693684163
41b39e28db005d9731d9d485a83b4c38,SP,Southeast,193,229,130,16872.75,3896.53,73.68013100436681,0.04484304932735426,12.47085201793722,4.26457399103139,0.0012545234221156794
86ccac0b835037332a596a33b6949ee1,SC,South,179,209,72,16593.24,3950.89,79.39349282296652,0.019230769230769232,11.798076923076923,4.014423076923077,0.0012337412827658075
8ae520247981aa06bc94abddf5f46d34,SC,South,65,65,50,16320.99,1445.35,251.09215384615385,0.0,10.876923076923077,4.446153846153846,0.0012134989392432046
7aa4334be125fcdd2ba64b3180029f14,SP,Southeast,217,240,41,16234.81,4368.52,67.64504166666667,0.11814345991561181,15.89873417721519,4.075949367088608,0.001207091280235756
ef0ace09169ac090589d85746e3e036f,RJ,Southeast,129,140,22,16223.300000000001,2315.65,115.88071428571429,0.07194244604316546,12.496402877697841,4.366906474820144,0.0012062354882286113
4a3ccda38b2129705f3fb522db62ca31,SP,Southeast,65,74,44,16206.99,1354.82,219.01337837837838,0.0684931506849315,13.315068493150685,3.7945205479452055,0.0012050228064183132
fa40cc5b934574b62717c68f3d678b6d,SP,Southeast,305,338,16,15956.07,4488.28,47.207307692307694,0.050595238095238096,11.101190476190476,4.4375,0.0011863663919584732
4b9750c8ad28220fe6702d4ecb7c898f,SP,Southeast,218,222,34,15915.3,3389.8,71.69054054054054,0.058823529411764705,9.343891402714933,4.352941176470588,0.0011833350591929396
0adac9fbd9a2b63cccaac4f8756c1ca8,SP,Southeast,107,135,64,15702.5,2410.3,116.31481481481481,0.04477611940298507,12.776119402985074,4.007462686567164,0.0011675129445864756
229c3efbfb0ea2058de4ccdfbc3d784a,MG,Southeast,120,147,24,15669.0,2341.99,106.59183673469387,0.020833333333333332,10.79861111111111,3.625,0.0011650221511686346
d921b68bf747894be13a97ae52b0f386,MG,Southeast,77,77,46,15645.8,1758.01,203.1922077922078,0.012987012987012988,9.935064935064934,4.558441558441558,0.001163297183786727
2a84855fd20af891be03bc5924d2b453,MG,Southeast,161,165,53,15524.4,3403.4,94.08727272727272,0.025157232704402517,8.49056603773585,4.364779874213837,0.0011542708458486407
c33847515fa6305ce6feb1e818569f13,SC,South,114,128,39,15519.85,4374.41,121.248828125,0.0390625,9.4921875,3.71875,0.0011539325440560683
213b25e6f54661939f11710a6fddb871,SP,Southeast,155,194,81,15379.5,3460.46,79.27577319587628,0.07368421052631578,15.173684210526316,3.778947368421053,0.0011434972349159498
85d9eb9ddc5d00ca9336a2219c97bb13,MG,Southeast,507,520,64,15362.439999999999,8585.72,29.543153846153842,0.021526418786692758,14.702544031311154,4.201565557729941,0.0011422287890739088
e5a38146df062edaf55c38afa99e42dc,SP,Southeast,120,124,27,15290.08,1882.43,123.30709677419355,0.07317073170731707,12.227642276422765,3.934959349593496,0.0011368486752913725
79ebd9a61bac3eaf882805ed4ecfa12a,PR,South,136,143,115,15092.79,4012.35,105.54398601398601,0.04285714285714286,15.278571428571428,4.007142857142857,0.0011221797608613477
75d34ebb1bd0bd7dde40dd507b8169c3,BA,Northeast,61,71,18,14928.29,1413.3899999999999,210.25760563380283,0.11940298507462686,16.134328358208954,3.985074626865672,0.0011099488498991141
01fdefa7697d26ad920e9e0346d4bd1b,PR,South,129,131,21,14921.43,2768.64,113.90404580152672,0.05384615384615385,10.684615384615384,4.376923076923077,0.001109438794888774
1b4c3a6f53068f0b6944d2d005c9fc89,SC,South,113,117,31,14760.300000000001,3031.37,126.15641025641027,0.043478260869565216,14.330434782608696,4.147826086956521,0.001097458450309171
a5cba26a62b8b4d0145b68b841e62e7f,PR,South,54,55,18,14737.84,1382.82,267.9607272727273,0.018518518518518517,13.11111111111111,4.574074074074074,0.0010957885034385826
4c2b230173bb36f9b240f2b8ac11786e,SP,Southeast,261,346,20,14592.27,4397.57,42.17419075144509,0.08454810495626822,12.682215743440233,3.7317784256559765,0.0010849650766375349
080199a181c46c657dc5aa235411be3b,SP,Southeast,79,83,40,14504.2,1040.68,174.74939759036147,0.012048192771084338,8.048192771084338,4.614457831325301,0.0010784168922700946
8e6d7754bc7e0f22c96d255ebda59eba,SP,Southeast,85,130,29,14497.27,1715.24,111.51746153846155,0.10077519379844961,14.023255813953488,2.9844961240310077,0.0010779016326167919
5cf13accae3222c70a9cac40818ae839,MG,Southeast,149,156,34,14383.2,3019.27,92.2,0.01935483870967742,10.561290322580644,4.464516129032258,0.0010694202951489378
66922902710d126a0e7d26b0e3805106,MG,Southeast,151,156,20,14362.3,3218.77,92.06602564102563,0.07096774193548387,11.32258064516129,4.451612903225806,0.0010678663374643744
aba1721a889e04decc910aa13b768ef4,SP,Southeast,83,92,76,14103.3,1249.17,153.2967391304348,0.06521739130434782,9.173913043478262,4.456521739130435,0.0010486091585025594
3b15288545f8928d3e65a8f949a28291,SP,Southeast,104,121,46,14061.789999999999,2451.9,116.21314049586776,0.06779661016949153,14.305084745762711,3.9237288135593222,0.0010455228052257063
c6bda72e4dbf5c5866b13cb1810c6d03,SP,Southeast,59,59,27,14059.380000000001,1136.74,238.29457627118646,0.03389830508474576,10.135593220338983,4.406779661016949,0.0010453436168037066
2e90cb1677d35cfe24eef47d441b7c87,SP,Southeast,127,137,22,13894.710000000001,2887.4500000000003,101.42124087591242,0.11678832116788321,12.05109489051095,4.036496350364963,0.0010331000659942779
d94a40fd42351c259927028d163af842,MG,Southeast,101,110,17,13823.8,3397.14,125.67090909090908,0.027522935779816515,13.605504587155963,4.10091743119266,0.0010278277626731107
05f51e13da97139648b8125c31e5f51b,MG,Southeast,60,63,21,13769.01,2019.29,218.5557142857143,0.15,12.15,4.25,0.0010237540142742
6039e27294dc75811c0d8a39069f52c0,SP,Southeast,64,75,10,13670.7,2376.4700000000003,182.276,0.21621621621621623,17.87837837837838,3.864864864864865,0.001016444464993366
a673821011d0cec28146ea42f5ab767f,SP,Southeast,127,144,52,13625.7,2599.28,94.62291666666667,0.10638297872340426,12.5177304964539,3.8226950354609928,0.0010130986230888037
1f9ab4708f3056ede07124aad39a2554,SP,Southeast,78,79,5,13602.73,2440.78,172.18645569620253,0.05194805194805195,14.545454545454545,4.090909090909091,0.0010113907566766302
6d66611d7c44cc30ce351abc49a68421,SP,Southeast,166,176,59,13593.4,3260.97,77.23522727272727,0.06321839080459771,12.045977011494253,3.9080459770114944,0.001010697052121751
ce248b21cb2adc36282ede306b7660e5,SC,South,64,65,36,13560.19,1895.01,208.6183076923077,0.07692307692307693,15.523076923076923,4.246153846153846,0.001008227820796184
289cdb325fb7e7f891c38608bf9e0962,SP,Southeast,110,126,25,13544.95,2094.34,107.49960317460318,0.016,6.576,4.592,0.0010070946956711722
0b35c634521043bf4b47e21547b99ab5,PR,South,51,78,39,13533.65,1475.09,173.50833333333333,0.11688311688311688,17.350649350649352,3.4935064935064934,0.0010062545175929154
a3e9a2c700480d9bb01fba070ba80a0e,SP,Southeast,130,144,72,13440.8,2883.09,93.33888888888889,0.08391608391608392,13.076923076923077,3.993006993006993,0.0009993509304631683
1ca7077d890b907f89be8c954a02686a,SP,Southeast,115,137,21,13341.57,1659.8600000000001,97.38372262773723,0.14960629921259844,14.984251968503937,2.2598425196850394,0.0009919729773033964
440dd6ab244315c632130ecfb63827b1,SP,Southeast,90,91,26,13267.2,2008.18,145.79340659340662,0.1348314606741573,16.51685393258427,3.865168539325843,0.0009864434159157897
d05ae8f7a5bd1d2a690a44cd079e4e27,RJ,Southeast,77,80,11,13244.0,1141.65,165.55,0.0625,11.125,3.7875,0.000984718448533882
c31eff8334d6b3047ed34bebd4d62c36,SP,Southeast,122,123,5,13191.5,2394.55,107.2479674796748,0.11570247933884298,12.710743801652892,3.8512396694214877,0.0009808149663118925
e8b3a3a38279a82f0e5d006d5e5b7d2c,PR,South,87,92,52,13154.7,1761.69,142.9858695652174,0.03529411764705882,16.776470588235295,3.929411764705882,0.0009780788111543837
6edacfd9f9074789dad6d62ba7950b9c,SP,Southeast,207,218,144,13137.2,2932.72,60.26238532110092,0.041666666666666664,9.032407407407407,4.402777777777778,0.0009767776504137206
669ae81880e08f269a64487cfb287169,SC,South,161,185,16,13133.87,3351.33,70.99389189189189,0.03783783783783784,11.967567567567567,4.151351351351352,0.000976530058112783
9e6229250fedbe05838fef417b74e7fb,SP,Southeast,74,78,25,13132.2,1854.45,168.36153846153846,0.025974025974025976,11.896103896103897,3.896103896103896,0.0009764058902021025
431af27f296bc6519d890aa5a05fdb11,SP,Southeast,117,125,20,13109.5,2141.35,104.876,0.13709677419354838,16.887096774193548,3.774193548387097,0.0009747180988413565
530ec6109d11eaaf87999465c6afee01,PR,South,97,104,30,12983.810000000001,2656.4,124.84432692307693,0.009900990099009901,10.673267326732674,4.316831683168317,0.0009653727906417022
d50d79cb34e38265a8649c383dcffd48,SP,Southeast,69,69,19,12842.43,1897.8700000000001,186.12217391304347,0.043478260869565216,13.014492753623188,4.217391304347826,0.0009548608988979902
ac3508719a1d8f5b7614b798f70af136,RS,South,103,104,48,12775.84,3016.39,122.84461538461538,0.019801980198019802,9.346534653465346,4.603960396039604,0.000949909796399661
cfb1a033743668a192316f3c6d1d2671,SP,Southeast,146,183,60,12753.74,3412.97,69.69256830601093,0.0893854748603352,11.8268156424581,4.011173184357542,0.0009482666162643092
7202e2ba20579a9bd1acb29e61fe71f6,SP,Southeast,53,55,19,12750.5,1165.66,231.8272727272727,0.03773584905660377,13.169811320754716,3.943396226415094,0.0009480257156471807
e24fc9fcd865784fb25705606fe3dfe7,SP,Southeast,51,55,22,12726.0,994.62,231.38181818181818,0.07407407407407407,12.37037037037037,4.185185185185185,0.0009462040906102523
00fc707aaaad2d31347cf883cd2dfe10,PR,South,103,135,19,12684.9,2285.09,93.96222222222222,0.037037037037037035,15.703703703703704,3.77037037037037,0.000943148221670752
99eaacc9e6046db1c82b163c5f84869f,SP,Southeast,64,68,17,12681.27,1103.39,186.48926470588236,0.10606060606060606,14.954545454545455,4.0,0.0009428783237571173
2e1c9f22be269ef4643f826c9e650a52,SP,Southeast,166,172,71,12640.19,2427.1,73.48947674418605,0.059880239520958084,9.616766467065869,4.2155688622754495,0.0009398239418584635
b372ee768ed69e46ca8cdbd267aa7a38,SP,Southeast,63,69,24,12630.0,1183.84,183.04347826086956,0.0,12.217391304347826,4.405797101449275,0.0009390662945471859
056b4ada5bbc2c50cc7842547dda6b51,RJ,Southeast,65,66,23,12333.390000000001,1306.02,186.86954545454546,0.1076923076923077,12.63076923076923,4.107692307692307,0.0009170127352735802
d6b1ce66b035a475f00c017792ff9769,SP,Southeast,92,108,18,12277.4,2038.48,113.67962962962963,0.06481481481481481,10.083333333333334,4.046296296296297,0.0009128497644238812
48436dade18ac8b2bce089ec2a041202,SP,Southeast,138,151,23,12271.710000000001,2911.93,81.26960264900663,0.06802721088435375,14.068027210884354,4.129251700680272,0.0009124267013030599
2138ccb85b11a4ec1e37afbd1c8eda1f,SP,Southeast,391,423,158,12214.27,5984.72,28.87534278959811,0.045563549160671464,11.258992805755396,3.904076738609113,0.0009081559199919918
c8b0e2b0a7095e5d8219575d5e7e1181,SP,Southeast,84,85,58,12170.210000000001,1487.1299999999999,143.1789411764706,0.07058823529411765,9.988235294117647,4.011764705882353,0.0009048799690072136
70c27847eca8195c983ed7e798c56743,RJ,Southeast,77,98,20,12077.52,1451.66,123.24000000000001,0.07142857142857142,10.755102040816327,4.204081632653061,0.0008979882782042382
ff063b022a9a0aab91bad2c9088760b7,SP,Southeast,94,96,9,12076.5,1984.77,125.796875,0.03125,9.34375,4.25,0.0008979124391210681
701938c450705b8ae65fc923b70f35c7,SP,Southeast,75,112,9,11983.28,3808.84,106.99357142857143,0.036036036036036036,12.576576576576576,3.7477477477477477,0.0008909813417356613
e26901d5ab434ce92fd9b5c256820a4e,SP,Southeast,201,220,16,11911.0,2940.17,54.14090909090909,0.013953488372093023,9.325581395348838,4.144186046511628,0.0008856071761165108
128639473a139ac0f3e5f5ade55873a5,PR,South,533,560,66,11908.849999999999,9785.6,21.26580357142857,0.04332129963898917,14.30505415162455,4.182310469314079,0.0008854473192255149
09f952a5f58d2285b0372551ae8f9b01,SP,Southeast,50,56,11,11821.5,1524.96,211.09821428571428,0.05357142857142857,13.089285714285714,3.875,0.0008789526683285477
adbc26658d6c7b4b6219f9d934598091,PR,South,88,92,9,11806.4,1885.85,128.3304347826087,0.13043478260869565,17.054347826086957,4.054347826086956,0.0008778299524894612
ce7d1888639e6fb06b2749cbfdac1ff7,MG,Southeast,78,84,14,11793.89,3082.65,140.4034523809524,0.08333333333333333,14.107142857142858,4.107142857142857,0.0008768998084399928
a7f13822ceb966b076af67121f87b063,SP,Southeast,69,80,29,11586.76,2802.84,144.8345,0.0379746835443038,21.164556962025316,3.607594936708861,0.0008614992699135037
0be8ff43f22e456b4e0371b2245e4d01,SP,Southeast,158,177,121,11535.800000000001,2538.39,65.17401129943504,0.06285714285714286,10.262857142857143,3.9657142857142857,0.0008577102898366926
25e6ffe976bd75618accfe16cefcbd0d,SP,Southeast,106,115,52,11503.61,1684.67,100.03139130434784,0.02631578947368421,9.956140350877194,4.412280701754386,0.0008553168975942956
80e6699fe29150b372a0c8a1ebf7dcc8,PR,South,97,99,31,11401.57,2688.5,115.16737373737374,0.030927835051546393,11.525773195876289,4.350515463917525,0.0008477300151955944
1d8dbc4f32378d715c717c1c1fc57bae,PR,South,92,98,25,11315.89,2105.16,115.46826530612245,0.08247422680412371,15.56701030927835,3.9072164948453607,0.0008413595322093075
cab85505710c7cb9b720bceb52b01cee,SP,Southeast,204,207,28,11284.3,2874.24,54.513526570048306,0.019801980198019802,9.965346534653465,4.316831683168317,0.0008390107511923047
813348c996469b40f2e028d5429d3495,SP,Southeast,179,202,4,11205.83,3594.6,55.47440594059406,0.041025641025641026,10.179487179487179,3.958974358974359,0.0008331763464311711
6cd68b3ed6d59aaa9fece558ad360c0a,MG,Southeast,149,157,54,11188.57,2529.89,71.26477707006369,0.012738853503184714,10.40764331210191,4.445859872611465,0.0008318930301806657
95e03ca3d4146e4011985981aeb959b9,RJ,Southeast,175,193,55,11009.960000000001,3233.54,57.046424870466325,0.031578947368421054,12.236842105263158,3.9947368421052634,0.0008186130119012459
7ea5bfa6c340f58f8e71fc1f0412b0d6,MG,Southeast,98,104,9,11002.89,1660.99,105.79701923076922,0.058823529411764705,12.617647058823529,4.117647058823529,0.0008180873429620178
5a8e7d5003a1f221f9e1d6e411de7c23,SP,Southeast,137,178,68,10992.2,2655.46,61.75393258426967,0.04519774011299435,10.401129943502825,4.203389830508475,0.0008172925196295786
8d956fec2e4337affcb520f56fd8cbfd,SP,Southeast,210,227,52,10988.2,3313.85,48.40616740088106,0.05726872246696035,9.28193832599119,4.202643171806168,0.0008169951114602841
54965bbe3e4f07ae045b90b0b8541f52,PR,South,78,86,53,10961.300000000001,2203.54,127.45697674418606,0.32098765432098764,26.65432098765432,2.9382716049382718,0.0008149950415217791
6973a06f484aacf400ece213dbf3d946,SP,Southeast,92,111,13,10666.59,1323.2,96.0954054054054,0.14814814814814814,14.925925925925926,3.7037037037037037,0.0007930827511285881
23d7c96d4a1160db1c726b248601b25a,SP,Southeast,50,52,40,10658.24,1288.93,204.96615384615384,0.09615384615384616,13.173076923076923,3.8653846153846154,0.0007924619115751859
c9c7905cffc4ef9ff9f113554423e671,SP,Southeast,127,139,22,10657.18,2109.53,76.67035971223022,0.07194244604316546,10.985611510791367,4.158273381294964,0.0007923830984103229
0ea22c1cfbdc755f86b9b54b39c16043,MG,Southeast,234,265,151,10557.1,4285.78,39.838113207547174,0.007662835249042145,10.984674329501916,4.337164750957855,0.0007849419460145761
f3b80352b986ab4d1057a4b724be19d0,DF,Central-West,87,92,4,10505.1,2187.63,114.1858695652174,0.0,10.505494505494505,4.164835164835165,0.0007810756398137484
ce27a3cc3c8cc1ea79d11e561e9bebb6,SP,Southeast,129,158,38,10478.75,2247.34,66.32120253164557,0.013605442176870748,9.040816326530612,3.639455782312925,0.0007791164634985213
f262cbc1c910c83959f849465454ddd3,SP,Southeast,191,206,80,10459.84,2498.3,50.77592233009709,0.07352941176470588,8.901960784313726,4.102941176470588,0.0007777104663781819
c864036feaab8c1659f65ea4faebe1da,PR,South,58,58,29,10454.2,1845.57,180.2448275862069,0.034482758620689655,12.258620689655173,4.568965517241379,0.0007772911208594768
dd2bdf855a9172734fbc3744021ae9b9,MG,Southeast,104,109,42,10337.1,1969.6299999999999,94.83577981651376,0.05555555555555555,15.00925925925926,3.7222222222222223,0.0007685844967033821
ea566164622c6b439516ab18062c42cd,SP,Southeast,50,52,19,10309.42,858.56,198.2580769230769,0.19230769230769232,14.153846153846153,3.75,0.0007665264321718645
b499c00f28f4b7069ff6550af8c1348a,SP,Southeast,151,186,67,10297.14,2566.99,55.36096774193548,0.11049723756906077,10.767955801104973,4.232044198895028,0.0007656133890921305
33a6f4b1e7cdc205511e76ba1b6e0186,SP,Southeast,105,126,15,10295.01,1888.9,81.70642857142857,0.015873015873015872,8.436507936507937,4.357142857142857,0.0007654550192419813
9d5a9018aee56acb367ba9c3f05d1d6a,GO,Central-West,67,79,22,10292.310000000001,1689.9,130.28240506329115,0.01282051282051282,14.384615384615385,4.435897435897436,0.0007652542687277077
bd23da7354813347129d751591d1a6e2,SP,Southeast,88,89,9,10264.4,1440.42,115.33033707865168,0.022988505747126436,9.781609195402298,4.103448275862069,0.0007631791032264556
5058e8c1e82653974541e83690655b4a,SP,Southeast,63,78,31,10022.82,3055.11,128.4976923076923,0.1038961038961039,26.441558441558442,3.0259740259740258,0.0007452171368419181
9d4db00d65d7760644ac0c14edb5fd86,SP,Southeast,98,100,41,9979.7,1533.11,99.79700000000001,0.04040404040404041,8.06060606060606,4.505050505050505,0.0007420110767769241
0df3984f9dfb3d49ac6366acbd3bbb85,MG,Southeast,86,88,25,9891.49,1483.05,112.40329545454546,0.011363636363636364,9.545454545454545,4.340909090909091,0.0007354524831235585
5343d0649eca2a983820bfe93fc4d17e,SP,Southeast,70,110,48,9819.02,2375.07,89.26381818181818,0.09090909090909091,11.3,3.590909090909091,0.0007300641906163665
ef506c96320abeedfb894c34db06f478,SP,Southeast,323,339,116,9755.44,5182.9,28.777109144542774,0.08132530120481928,13.331325301204819,3.9186746987951806,0.0007253368877654315
17ca9b9e9b9ef8fdb529001b49ebb50f,MG,Southeast,116,129,46,9754.83,2365.89,75.61883720930233,0.0078125,7.953125,4.03125,0.000725291533019614
4830e40640734fc1c52cd21127c341d4,SP,Southeast,208,216,52,9718.49,3076.39,44.99300925925926,0.04716981132075472,9.849056603773585,4.183962264150943,0.0007225895798015741
ca3bd7cd9f149df75950150d010fe4a2,SP,Southeast,70,137,51,9705.67,3422.92,70.84430656934306,0.007407407407407408,13.748148148148148,3.785185185185185,0.0007216363866189854
01cf7e3d21494c41fb86034f2e714fa1,PR,South,60,66,21,9659.460000000001,1989.56,146.35545454545456,0.046875,11.5625,4.1875,0.0007182005787432115
1c129092bf23f28a5930387c980c0dfc,SP,Southeast,201,220,15,9553.619999999999,3035.67,43.42554545454545,0.0410958904109589,11.54337899543379,4.178082191780822,0.0007103311585836805
3db66a856d18a9cba7c9241fc5221c50,MG,Southeast,94,97,38,9478.300000000001,2044.36,97.71443298969074,0.10309278350515463,15.731958762886597,4.175257731958763,0.0007047309627558664
81a1104df0f08b59c68aa5b03cfe398e,PR,South,73,73,17,9420.880000000001,1814.3899999999999,129.05315068493152,0.041666666666666664,12.791666666666666,4.305555555555555,0.0007004616684856448
cb8bcce248bb1fb274ba762d8b971456,MG,Southeast,68,69,5,9402.2,1232.82,136.26376811594204,0.014925373134328358,12.522388059701493,4.343283582089552,0.0006990727723350397
7b07b3c7487f0ea825fc6df75abd658b,SP,Southeast,92,97,65,9332.09,1308.96,96.20711340206185,0.041666666666666664,9.4375,4.395833333333333,0.0006938599506477314
066a6914e1ebf3ea95a216c73a986b91,PR,South,67,73,44,9330.48,1694.19,127.81479452054793,0.04225352112676056,14.253521126760564,3.971830985915493,0.0006937402438595904
aaed1309374718fdd995ee4c58c9dfcd,SC,South,104,111,54,9314.050000000001,2313.72,83.91036036036037,0.02727272727272727,12.10909090909091,4.036363636363636,0.0006925186398042136
8b28d096634035667e8263d57ba3368c,SP,Southeast,142,154,48,9287.8,2576.08,60.310389610389606,0.12582781456953643,14.205298013245033,3.8675496688741724,0.0006905668986932187
048c2757535328e0d7dac690ad3c0aae,SP,Southeast,51,51,20,9264.78,1286.28,181.6623529411765,0.12,18.42,4.18,0.0006888553146789293
aafe36600ce604f205b86b5084d3d767,SC,South,129,131,30,9251.4,2421.8,70.62137404580153,0.03816793893129771,12.396946564885496,4.3816793893129775,0.0006878604843526394
7040e82f899a04d1b434b795a43b4617,SP,Southeast,209,224,59,9248.6,3132.25,41.28839285714286,0.07174887892376682,10.139013452914797,3.5855855855855854,0.0006876522986341333
dd7ddc04e1b6c2c614352b383efe2d36,SP,Southeast,122,143,41,9178.51,2893.4900000000002,64.18538461538462,0.11267605633802817,14.753521126760564,3.76056338028169,0.0006824409639876715
4e7c18b98d84e05cbae3ff0ff03846c2,SP,Southeast,82,89,31,9177.9,2875.98,103.12247191011235,0.03409090909090909,12.068181818181818,4.170454545454546,0.000682395609241854
8e8a7ce9f2f970dc00e2acf6f6e199f6,RJ,Southeast,65,66,6,9101.0,1183.82,137.8939393939394,0.0625,12.09375,4.03125,0.0006766779371871686
9b013e03b2ab786505a1d3b5c0756754,SP,Southeast,174,225,57,9027.4,2604.21,40.12177777777777,0.031818181818181815,7.8954545454545455,3.977272727272727,0.0006712056268721509
624f4ece8da4aafb77699233d480f8ef,SP,Southeast,52,54,9,9016.0,1673.92,166.96296296296296,0.07547169811320754,13.018867924528301,4.169811320754717,0.0006703580135896618
0db783cfcd3b73998abc6e10e59a102f,SP,Southeast,130,135,13,9007.4,1967.05,66.72148148148148,0.037037037037037035,11.62962962962963,4.237037037037037,0.0006697185860256786
f80edd2c5aaa505cc4b0a3b219abf4b8,SP,Southeast,118,127,23,8978.300000000001,2957.42,70.69527559055119,0.064,12.12,4.128,0.0006675549415940617
fffd5413c0700ac820c7069d66d98c89,SP,Southeast,59,60,29,8962.5,2799.77,149.375,0.1206896551724138,13.672413793103448,3.9310344827586206,0.0006663801793253487
f27e33c6d29b5138fa9967bcd445b6d5,SP,Southeast,93,98,22,8888.3,1593.95,90.69693877551019,0.08163265306122448,12.36734693877551,4.091836734693878,0.0006608632577849368
5f2684dab12e59f83bef73ae57724e45,SP,Southeast,67,73,28,8870.970000000001,1109.75,121.52013698630138,0.0547945205479452,10.191780821917808,3.7534246575342465,0.0006595747368914688
a49928bcdf77c55c6d6e05e09a9b4ca5,SP,Southeast,98,106,3,8816.7,1757.55,83.17641509433963,0.21153846153846154,16.76923076923077,2.9711538461538463,0.0006555396515545665
562fc2f2c2863ab7e79a9e4388a58a14,SP,Southeast,258,268,36,8754.22,4282.26,32.665,0.03018867924528302,11.150943396226415,4.241509433962264,0.0006508941359501873
1da3aeb70d7989d1e6d9b0e887f97c23,SP,Southeast,264,327,154,8733.53,4206.18,26.70804281345566,0.040123456790123455,8.24074074074074,4.070987654320987,0.0006493557921945118
6d803cb79cc31c41c4c789a75933b3c7,SP,Southeast,58,66,17,8711.4,1213.67,131.9909090909091,0.06060606060606061,12.742424242424242,4.287878787878788,0.0006477103814978903
b1a81260566c1bac3114a6d124413f27,RS,South,51,54,26,8684.69,1565.51,160.8275925925926,0.0,8.518518518518519,4.222222222222222,0.0006457244384474268
18a349e75d307f4b4cc646a691ed4216,SP,Southeast,119,146,42,8631.03,2171.19,59.11664383561644,0.046875,10.96875,3.5078125,0.0006417347078563419
6c7d50c24b3ccd2fd83b44d8bb34e073,SP,Southeast,113,127,12,8572.65,2730.97,67.5011811023622,0.015873015873015872,12.055555555555555,4.412698412698413,0.0006373940356254895
259f7b5e6e482c230e5bfaa670b6bb8f,SP,Southeast,138,165,24,8526.04,2739.21,51.6729696969697,0.012345679012345678,8.537037037037036,4.2592592592592595,0.0006339284869327862
cbd996ad3c1b7dc71fd0e5f5df9087e2,SP,Southeast,165,196,13,8411.04,2873.92,42.91346938775511,0.07936507936507936,12.798941798941799,4.079365079365079,0.0006253780020655711
36a968b544695394e4e9d7572688598f,SP,Southeast,153,161,43,8341.97,2125.43,51.81347826086956,0.03205128205128205,10.705128205128204,3.730769230769231,0.0006202425065022793
6c177e38df6d3f34182b1f1d427231bf,PR,South,55,56,20,8341.89,1034.64,148.9623214285714,0.018518518518518517,14.277777777777779,4.148148148148148,0.0006202365583388934
b92e3c8f9738272ff7c59e111e108d7c,MG,Southeast,62,70,36,8231.09,2414.21,117.587,0.02857142857142857,16.214285714285715,4.057142857142857,0.0006119983520494376
fcb5ace8bcc92f75707dc0f01a27d269,SP,Southeast,61,72,42,8205.38,937.72,113.9636111111111,0.02857142857142857,10.32857142857143,3.914285714285714,0.0006100867610412975
4371b634e0efc0e22b09b52907d9d469,SP,Southeast,101,111,39,8168.0,1477.01,73.58558558558559,0.06306306306306306,10.684684684684685,4.405405405405405,0.000607307481699241
7d456afc660226829370f3173d14520c,SP,Southeast,55,89,22,8112.35,1494.83,91.15,0.04597701149425287,8.39080459770115,4.241379310344827,0.0006031697905439322
3078096983cf766a32a06257648502d1,SP,Southeast,57,62,37,8095.4400000000005,1388.79,130.57161290322583,0.03278688524590164,11.868852459016393,4.295081967213115,0.0006019124975082399
972d0f9cf61b499a4812cf0bfa3ad3c4,SC,South,83,88,15,8089.29,2151.3,91.92375,0.11627906976744186,18.093023255813954,2.9186046511627906,0.0006014552324479498
750303a20e9c56b2a6bc45cdce0b897d,GO,Central-West,54,57,38,8085.0,1309.81,141.8421052631579,0.03571428571428571,13.589285714285714,4.339285714285714,0.0006011362621863815
5656537e588803a555b8eb41f07a944b,DF,Central-West,173,187,72,8034.04,3361.38,42.9627807486631,0.05945945945945946,11.297297297297296,3.8216216216216217,0.0005973472821095703
b1fc4f64df5a0e8b6913ab38803c57a9,RJ,Southeast,107,121,5,7994.74,2146.25,66.07223140495867,0.11570247933884298,15.59504132231405,3.7520661157024793,0.0005944252468462524
7a241947449cc45dbfda4f9d0798d9d0,MG,Southeast,61,71,17,7957.64,1975.81,112.07943661971831,0.06060606060606061,12.727272727272727,3.742424242424242,0.0005916667860760466
ebd2d60905fb58271facef5596b620d3,SP,Southeast,84,88,39,7941.72,1733.3,90.24681818181818,0.03529411764705882,12.8,4.235294117647059,0.0005904831015622547
725c32fa80c2faacc4fc88450d27314e,SP,Southeast,89,93,36,7838.88,1327.78,84.28903225806452,0.010752688172043012,9.408602150537634,4.462365591397849,0.0005828367375296947
2dee2ce60de9709b1a24083217181a1f,MT,Central-West,54,55,8,7784.5,2060.06,141.53636363636363,0.03636363636363636,14.381818181818181,4.363636363636363,0.0005787934734681368
5b925e1d006e9476d738aa200751b73b,SP,Southeast,63,63,8,7748.5,1053.34,122.9920634920635,0.06349206349206349,10.80952380952381,4.603174603174603,0.000576116799944487
6fd52c528dcb38be2eea044946b811f8,SP,Southeast,67,84,48,7743.0199999999995,1138.56,92.17880952380952,0.10714285714285714,21.11904761904762,3.4404761904761907,0.0005757093507525535
7008613ea464bad5cb9b83456e1e6a8f,SC,South,126,155,18,7737.1,3067.35,49.91677419354839,0.039735099337748346,14.132450331125828,4.264900662251655,0.0005752691866619978
e5a3438891c0bfdb9394643f95273d8e,SP,Southeast,223,254,184,7711.05,3362.42,30.358464566929136,0.15789473684210525,15.34412955465587,3.8704453441295548,0.0005733323159594678
0432ead42b6c8a0bdf68154add917fdf,SP,Southeast,83,88,54,7669.3,1190.96,87.15113636363637,0.022988505747126436,8.735632183908047,4.551724137931035,0.0005702281181924571
058fd0aa2bfdb2274e05e1ae971dabb6,SP,Southeast,61,64,11,7667.9,887.9,119.8109375,0.07936507936507936,10.174603174603174,4.396825396825397,0.0005701240253332039
08633c14ef2db992c11f840f04fad4cd,SP,Southeast,74,97,16,7644.3,1424.52,78.80721649484536,0.05154639175257732,10.041237113402062,4.237113402061856,0.0005683693171343668
4e17c65a516f69d023a2ae78b84f28d6,SP,Southeast,61,74,47,7639.26,1155.54,103.23324324324325,0.0945945945945946,14.756756756756756,4.081081081081081,0.0005679945828410559
640e21a7d01df7614a3b4923e990d40c,SP,Southeast,116,137,12,7598.88,2446.24,55.46627737226277,0.03676470588235294,10.360294117647058,4.286764705882353,0.0005649922473720285
8a432f4e5b471f8da497d7dc517666e2,SP,Southeast,95,106,48,7555.0,1965.11,71.27358490566037,0.018867924528301886,7.915094339622642,4.1415094339622645,0.0005617296797548685
062ce95fa2ad4dfaedfc79260130565f,RS,South,55,60,14,7521.0,1200.44,125.35,0.03389830508474576,13.40677966101695,4.016949152542373,0.0005592017103158658
0bae85eb84b9fb3bd773911e89288d54,SP,Southeast,137,146,45,7482.21,2924.19,51.24801369863014,0.006896551724137931,10.172413793103448,4.227586206896552,0.000556317594594133
bd0389da23d89b726abf911cccc54596,DF,Central-West,87,90,57,7472.16,1656.31,83.024,0.06666666666666667,13.38888888888889,4.2,0.0005555703565687807
a420f60ff1aa9acc80d0e42959f2b313,SP,Southeast,67,69,23,7443.3,1099.97,107.87391304347827,0.07246376811594203,11.18840579710145,3.898550724637681,0.0005534245566273213
8648b1e89e9b349e32d3741b30ec737e,SP,Southeast,95,103,56,7442.55,1503.5,72.25776699029126,0.09,9.14,4.12,0.0005533687925955786
febab0275244b9a49a623f0bd613ca2f,SP,Southeast,109,129,45,7272.42,3016.75,56.3753488372093,0.031746031746031744,8.11111111111111,4.317460317460317,0.000540719279635063
aced59e9b31ef866a94f9e7f29d8d418,SP,Southeast,61,67,19,7268.5,1047.3,108.48507462686567,0.029850746268656716,9.567164179104477,4.447761194029851,0.0005404278196291545
e333046ce6517bd8bb510291d44f0130,SP,Southeast,68,74,47,7268.0,1431.32,98.21621621621621,0.04054054054054054,9.972972972972974,4.391891891891892,0.0005403906436079926
dbb9b48c841a0e39e21f98e1a6b2ec3e,SP,Southeast,108,118,55,7186.85,1581.41,60.90550847457627,0.0423728813559322,9.923728813559322,4.203389830508475,0.0005343569753734318
d13e50eaa47b4cbe9eb81465865d8cfc,SP,Southeast,67,69,7,7155.05,857.79,103.6963768115942,0.08823529411764706,4.926470588235294,4.8088235294117645,0.000531992580427541
cc63f0dd2acba93ffed4fe9f8e0321fa,SP,Southeast,55,63,17,7096.71,1399.97,112.64619047619048,0.0,8.936507936507937,4.0476190476190474,0.0005276548822783816
7722b1df1b0e383e000397b2c11e3e19,SP,Southeast,134,145,76,7094.09,2071.21,48.92475862068966,0.027777777777777776,8.527777777777779,4.201388888888889,0.0005274600799274938
d98eec89afa3380e14463da2aabaea72,RS,South,168,183,26,6968.53,3256.7799999999997,38.07939890710382,0.02185792349726776,8.46448087431694,4.278688524590164,0.0005181244374933414
d9bd94811c3338dceb4181f3dbc0c73e,SP,Southeast,54,61,20,6911.02,771.09,113.29540983606559,0.04918032786885246,7.737704918032787,4.819672131147541,0.0005138484515393106
ececbfcff9804a2d6b40f589df8eef2b,SP,Southeast,98,104,62,6792.4,1868.66,65.31153846153846,0.08737864077669903,12.970873786407767,4.116504854368932,0.000505028812278884
aac29b1b99776be73c3049939652091d,MG,Southeast,98,138,14,6755.91,2709.61,48.95586956521739,0.0916030534351145,14.320610687022901,3.9236641221374047,0.0005023157062544956
1127b7f2594683f2510f1c2c834a486b,SP,Southeast,110,128,73,6669.7,1768.7,52.10703125,0.0546875,10.203125,4.1796875,0.0004959058166857771
b4ffb71f0cb1b1c3d63fad021ecf93e1,SP,Southeast,144,165,97,6656.09,2519.98,40.339939393939396,0.024390243902439025,9.628048780487806,4.054878048780488,0.0004948938853897529
516e7738bd8f735ac19a010ee5450d8d,RJ,Southeast,76,84,53,6643.09,1466.23,79.08440476190476,0.024390243902439025,8.75609756097561,4.609756097560975,0.000493927308839546
5d0363b33554b373851fc1622e4d5f3c,SP,Southeast,94,95,54,6610.79,2192.18,69.58726315789474,0.0851063829787234,12.606382978723405,4.085106382978723,0.0004915257378724933
609e1a9a6c2539919b8205cf7c4e6ff0,SC,South,87,130,69,6595.23,2687.19,50.73253846153846,0.015384615384615385,10.238461538461538,3.4846153846153847,0.000490368820093938
92eb0f42c21942b6552362b9b114707d,SP,Southeast,341,365,52,6548.63,4944.04,17.94145205479452,0.0446927374301676,13.455307262569832,3.952513966480447,0.0004869040149216578
751bdc4d83a466c7206cd42e8f426b03,SP,Southeast,52,69,37,6540.95,1036.13,94.7963768115942,0.014705882352941176,11.014705882352942,3.7058823529411766,0.00048633299123661245
282f23a9769b2690c5dda22e316f9941,MG,Southeast,99,110,41,6505.08,1881.88,59.13709090909091,0.03669724770642202,11.128440366972477,4.330275229357798,0.0004836659834784646
8e6cc767478edae941d9bd9eb778d77a,MG,Southeast,104,112,60,6469.59,2249.98,57.76419642857143,0.05555555555555555,16.47222222222222,3.9722222222222223,0.0004810272294963997
34056b8b55c1775a22af2331670a799c,SP,Southeast,78,78,58,6455.4,1774.49,82.76153846153845,0.11688311688311688,12.831168831168831,4.038961038961039,0.0004799721740158277
376a891762bbdecbc02b4b6adec3fdda,GO,Central-West,57,58,13,6406.23,1287.4,110.45224137931034,0.034482758620689655,12.017241379310345,4.672413793103448,0.00047631628409477576
fa1a9dec3a9940c072684a46728bf1fc,SC,South,52,57,34,6364.3,1151.23,111.65438596491228,0.0,14.56140350877193,3.9298245614035086,0.0004731987029601469
57e632711dec9ec14ca7546769483e7e,SC,South,62,65,20,6350.06,1207.98,97.69323076923078,0.0,10.646153846153846,4.446153846153846,0.0004721399298774587
670c26e0f1bf8d0576271d5cfaec6d2b,PR,South,78,87,15,6341.6,1694.03,72.89195402298851,0.046511627906976744,13.651162790697674,4.348837209302325,0.00047151091159940096
dee656f0f566ed1aa85bd137c943f08f,SP,Southeast,93,95,32,6271.9800000000005,1696.69,66.02084210526316,0.0425531914893617,12.46808510638298,4.382978723404255,0.0004663345224128313
8a32e327fe2c1b3511609d81aaf9f042,SP,Southeast,129,172,51,6261.09,2284.3,36.40168604651163,0.05952380952380952,9.023809523809524,3.9642857142857144,0.0004655248286719272
6b243f80ed07b10f0e8aa0f21a205f3c,PR,South,79,89,31,6260.1,1547.3,70.33820224719102,0.033707865168539325,10.9438202247191,4.022471910112359,0.0004654512201500268
ba143b05f0110f0dc71ad71b4466ce92,SP,Southeast,85,86,22,6110.58,1343.01,71.05325581395348,0.11904761904761904,10.202380952380953,4.464285714285714,0.00045433410278180073
2c9e548be18521d1c43cde1c582c6de8,SP,Southeast,126,174,15,6109.44,2493.61,35.111724137931034,0.16374269005847952,13.68421052631579,3.9239766081871346,0.0004542493414535518
6a8b085f816a1f75f92dbac6eb545f8f,SP,Southeast,127,135,71,6018.97,2177.99,44.58496296296296,0.07518796992481203,14.24812030075188,4.18796992481203,0.00044752271218453487
37515688008a7a40ac93e3b2e4ab203f,SP,Southeast,228,240,3,5986.6,3431.1,24.944166666666668,0.0794979079497908,14.95397489539749,4.071129707112971,0.00044511593657451965
688756f717c462a206ad854c5027a64a,SP,Southeast,83,101,40,5966.54,1934.91,59.074653465346536,0.04040404040404041,10.696969696969697,3.7373737373737375,0.00044362443460550804
f84a00e60c73a49e7e851c9bdca3a5bb,RJ,Southeast,90,99,22,5949.9400000000005,2001.82,60.100404040404044,0.09278350515463918,11.195876288659793,3.7216494845360826,0.00044239019070293616
91f848e9f4be368f4318775aac733370,SP,Southeast,63,73,10,5932.599999999999,1235.56,81.26849315068492,0.014285714285714285,10.428571428571429,4.3,0.0004411009262890447
f46490624488d3ff7ce78613913a7711,SP,Southeast,83,91,35,5802.85,1747.82,63.767582417582425,0.10344827586206896,10.011494252873563,3.574712643678161,0.00043145374879755645
05d2173d43ea568aa0540eba70d2ca76,MG,Southeast,62,66,48,5759.66,1679.27,87.26757575757576,0.045454545454545456,14.56060606060606,3.909090909090909,0.00042824248408959974
080102cd0a76b09e0dcf55fcacc60e05,MG,Southeast,124,130,43,5716.78,2195.93,43.97523076923077,0.0390625,9.609375,4.53125,0.00042505426851476333
9616352088dcf83a7c06637f4ebf1c80,PR,South,92,98,5,5703.0,1787.57,58.19387755102041,0.0,12.329896907216495,4.268041237113402,0.000424029697371544
b14db04aa7881970e83ffa9426897925,SP,Southeast,80,107,12,5702.6,2134.31,53.29532710280374,0.0891089108910891,15.841584158415841,3.722772277227723,0.0004239999565546146
8c16d1f32a54d92897cc437244442e1b,SC,South,105,115,25,5529.83,2065.25,48.085478260869564,0.017391304347826087,10.895652173913044,4.269565217391304,0.0004111541542023646
3be634553519fb6536a03e1358e9fdc7,SP,Southeast,83,99,39,5370.95,1855.7,54.2520202020202,0.06315789473684211,9.789473684210526,4.031578947368421,0.00039934110171798955
2a261b5b644fa05f4f2700eb93544f2c,SP,Southeast,51,82,21,5355.0,2041.73,65.3048780487805,0.1951219512195122,14.378048780487806,3.3658536585365852,0.00039815518664292797
e62b2d6ac10570a035a30bafcf01d263,SP,Southeast,62,71,24,5340.39,1035.08,75.21676056338029,0.14084507042253522,14.690140845070422,3.6619718309859155,0.00039706890330458005
b6d44737c043328708f6749c2dbe50bd,SP,Southeast,61,79,23,5284.6,1549.41,66.89367088607595,0.05063291139240506,7.860759493670886,4.569620253164557,0.0003929208028633459
709e16e2b25c7474d980076c6bfc4806,SP,Southeast,60,80,39,5151.9,1226.96,64.39874999999999,0.025,10.35,4.525,0.0003830542868470029
d566c37fa119d5e66c4e9052e83ee4ea,SP,Southeast,65,73,25,5145.7,979.22,70.48904109589041,0.0,5.712328767123288,4.616438356164384,0.00038259330418459654
f84fa566034f5e8e880a07ec624c56af,SP,Southeast,91,102,8,5093.79,1232.91,49.93911764705882,0.09,11.34,4.3,0.000378733689667578
e067ad2c1c0b48758eb1b5228bcf7a68,SP,Southeast,54,61,36,5042.55,1005.36,82.66475409836066,0.06557377049180328,14.360655737704919,4.131147540983607,0.00037492389101891624
3df020b72d3d44b3af9d110fa3940b65,SP,Southeast,55,101,13,5039.9,1709.57,49.9,0.09900990099009901,12.693069306930694,3.9504950495049505,0.00037472685810675864
1bb2bdb95f4841f1bba2c0d2cd83d3c9,SP,Southeast,81,85,23,5002.71,1146.56,58.855411764705885,0.060240963855421686,12.25301204819277,4.566265060240964,0.0003719617056527436
9674754b5a0cb32b638cec001178f799,SP,Southeast,84,95,40,4941.7300000000005,1196.15,52.0182105263158,0.021052631578947368,7.778947368421052,4.052631578947368,0.00036742771811184996
dbd66278cbfe1aa1000f90a217ca4695,SP,Southeast,85,99,18,4928.9,1543.87,49.78686868686869,0.04040404040404041,8.95959595959596,4.454545454545454,0.000366473781408838
e9d99831abad74458942f21e16f33f92,SP,Southeast,130,149,35,4922.4800000000005,1993.58,33.036778523489936,0.09395973154362416,12.590604026845638,3.8993288590604025,0.0003659964412971205
0d85bbda9889ce1f7e63778d24f346eb,MG,Southeast,51,58,17,4845.2,1624.5,83.53793103448275,0.1896551724137931,18.20689655172414,3.8793103448275863,0.00036025051546635195
1336efc61c316ddf92c899eb817f7cae,SP,Southeast,74,85,50,4837.31,1517.98,56.90952941176471,0.08235294117647059,11.705882352941176,3.9411764705882355,0.0003596638778524187
2a7dc43cecabf23403078e2188437d1d,SP,Southeast,52,54,14,4795.91,833.71,88.81314814814814,0.05555555555555555,12.814814814814815,4.092592592592593,0.0003565857033002212
dfa0c4c6229ab200a4a1336b4d7128ff,SC,South,77,86,35,4777.1,1767.11,55.54767441860466,0.011627906976744186,9.534883720930232,4.011627906976744,0.0003551871413841142
7e3f87d16fb353f408d467e74fbd8014,SP,Southeast,92,94,20,4754.99,1438.71,50.585,0.06451612903225806,12.526881720430108,4.161290322580645,0.0003535432177283391
30a2f535bb48308f991d0b9ad4a8c4bb,SP,Southeast,71,87,20,4731.3,1084.06,54.38275862068966,0.034482758620689655,8.35632183908046,4.252873563218391,0.0003517818178456929
06579cb253ecd5a3a12a9e6eb6bf8f47,SP,Southeast,62,72,11,4727.2,1499.41,65.65555555555555,0.1,10.857142857142858,3.842857142857143,0.000351476974472166
b2479f944e1b90cf8a5de1bbfde284d6,SP,Southeast,102,130,38,4716.52,2227.02,36.28092307692308,0.11627906976744186,15.325581395348838,3.364341085271318,0.00035068289466014995
582d4f8675b945722eda7c0cb61ba4c7,SP,Southeast,59,71,25,4702.96,980.97,66.23887323943661,0.014084507042253521,10.56338028169014,4.112676056338028,0.00034967468096624174
537eb890efff034a88679788b647c564,RJ,Southeast,160,173,46,4679.7,2499.2,27.05028901734104,0.03508771929824561,9.052631578947368,4.181286549707602,0.0003479452524617946
45d33f715e24d15a6ccf5c17b3a23e3c,SP,Southeast,56,58,31,4535.87,860.46,78.2046551724138,0.05263157894736842,11.12280701754386,4.192982456140351,0.00033725119821438983
b561927807645834b59ef0d16ba55a24,SP,Southeast,85,95,42,4501.99,1305.04,47.38936842105263,0.14736842105263157,12.442105263157895,4.336842105263158,0.00033473215102046596
fc906263ca5083d09dce42fe02247800,MG,Southeast,114,119,17,4497.7,1885.58,37.79579831932773,0.0,9.316239316239317,4.410256410256411,0.0003344131807588977
bbad7e518d7af88a0897397ffdca1979,SP,Southeast,69,85,14,4462.22,1338.2,52.49670588235294,0.2261904761904762,15.166666666666666,3.0238095238095237,0.00033177517029725603
2ff97219cb8622eaf3cd89b7d9c09824,SP,Southeast,88,95,44,4429.0,1380.63,46.62105263157895,0.031914893617021274,8.702127659574469,4.553191489361702,0.00032930519545126575
beadbee30901a7f61d031b6b686095ad,SP,Southeast,64,68,7,4373.98,937.54,64.32323529411764,0.22058823529411764,13.470588235294118,3.9411764705882355,0.0003252143460826207
23613d49c3ac2bd302259e55c06c050c,SP,Southeast,69,79,24,4277.1,2153.24,54.140506329113926,0.08974358974358974,13.76923076923077,3.6666666666666665,0.0003180111202223095
98dac6635aee4995d501a3972e047414,SP,Southeast,91,195,62,4235.85,2439.52,21.722307692307695,0.02631578947368421,8.478947368421053,3.9,0.0003149440984764606
8a130737016f838139d31878787a39c9,SP,Southeast,56,62,7,4222.03,842.2900000000001,68.09725806451613,0.06451612903225806,10.193548387096774,4.354838709677419,0.0003139165532515483
8bb48dc19fccaa8613b6229bf7f452a2,SP,Southeast,82,95,47,4190.72,1857.3999999999999,44.11284210526316,0.021052631578947368,11.2,4.336842105263158,0.0003115885908063961
891071be6ba827b591264c90c2ae8a63,SP,Southeast,91,97,31,4147.29,1269.29,42.75556701030928,0.13333333333333333,13.188888888888888,3.8555555555555556,0.00030835948160828176
42b729f859728f5079499127a9c2ef37,SP,Southeast,104,132,18,4118.86,1315.21,31.203484848484845,0.09923664122137404,7.786259541984733,4.343511450381679,0.0003062456530450215
951e8cef368f09bb3f3d03c00ca4702c,SP,Southeast,64,71,49,4092.29,1400.8,57.63788732394366,0.057971014492753624,9.144927536231885,4.173913043478261,0.0003042701192804832
d20b021d3efdf267a402c402a48ea64b,SP,Southeast,89,105,44,4060.18,1557.19,38.66838095238095,0.16666666666666666,16.647058823529413,3.696078431372549,0.0003018826752014721
715bbd5ba4e6b74cb0d2f29eb45058b0,SP,Southeast,62,64,28,4043.3,1272.58,63.1765625,0.078125,11.859375,4.46875,0.00030062761272704963
3c7c4a49ec3c6550809089c6a2ca9370,SP,Southeast,141,160,24,4033.6400000000003,1824.66,25.210250000000002,0.056962025316455694,9.651898734177216,3.7341772151898733,0.00029990937199820357
50c9975695009e5e6473912e83a6d1da,MG,Southeast,50,68,36,3964.4,2919.55,58.300000000000004,0.10294117647058823,15.147058823529411,3.9411764705882355,0.00029476123658771686
11bfa66332777660bd0640ee84d47006,SP,Southeast,76,102,40,3925.87,1682.67,38.48892156862745,0.1568627450980392,16.08823529411765,3.764705882352941,0.0002918964523969882
d12c926d74ceff0a90a21184466ce161,SP,Southeast,77,98,29,3925.28,1234.12,40.05387755102041,0.010416666666666666,8.395833333333334,4.135416666666667,0.00029185258469201724
d673a59aac7a70d8b01e6902bf090a11,SP,Southeast,79,84,16,3908.94,1590.62,46.535000000000004,0.07142857142857142,13.726190476190476,3.9642857142857144,0.0002906376723204495
7d76b645482be4a332374e8223836592,SP,Southeast,176,187,89,3843.93,2587.61,20.555775401069518,0.08743169398907104,13.158469945355192,3.9562841530054644,0.0002858040460489916
6860153b69cc696d5dcfe1cdaaafcf62,SP,Southeast,74,84,22,3827.63,1490.6,45.56702380952381,0.07142857142857142,10.107142857142858,4.119047619047619,0.0002845921077591168
f0b47fbbc6dee9aafe415a6e33051b3f,SP,Southeast,68,86,38,3795.91,1336.28,44.13848837209302,0.09411764705882353,10.305882352941177,4.258823529411765,0.0002822336609766119
cac4c8e7b1ca6252d8f20b2fc1a2e4af,SP,Southeast,74,82,32,3768.19,1534.27,45.95353658536585,0.18518518518518517,19.85185185185185,3.567901234567901,0.00028017262236340146
602044f2c16190c2c6e45eb35c2e21cb,SP,Southeast,50,57,27,3739.16,938.28,65.59929824561404,0.2,15.8,3.0727272727272728,0.0002780141825747471
0509040ea3fe50071181bbc359eb7738,MG,Southeast,89,98,34,3737.95,1445.1499999999999,38.14234693877551,0.041666666666666664,11.291666666666666,4.5,0.0002779242166035355
822166ed1e47908f7cfb49946d03c726,RJ,Southeast,69,108,34,3714.83,1821.12,34.396574074074074,0.009259259259259259,13.768518518518519,3.8703703703703702,0.0002762051973850137
f3da5b2ff499efb8d4a6d371d175d7dd,SP,Southeast,79,84,30,3702.29,1124.57,44.07488095238095,0.10975609756097561,11.207317073170731,3.9146341463414633,0.0002752728227742756
520b493b57809f446cb0a233bb3e25c7,SP,Southeast,63,73,28,3698.9,1063.97,50.66986301369863,0.0136986301369863,7.328767123287672,4.36986301369863,0.00027502076935079857
1eade46fba20122dc4aefb379f8c636b,SP,Southeast,58,75,8,3635.37,1038.34,48.471599999999995,0.12,12.066666666666666,4.306666666666667,0.00027029718410197966
8f119a0aee85c0c8fc534629734e94fd,SP,Southeast,76,82,31,3633.7799999999997,1084.82,44.31439024390244,0.04938271604938271,9.876543209876543,4.246913580246914,0.0002701789643546851
1b8356dabde1d35e17cef975c3f82730,SP,Southeast,56,61,14,3426.39,987.22,56.17032786885245,0.016666666666666666,10.266666666666667,4.133333333333334,0.00025475909429719176
827f8f69dfa529c561901c4f2e0f332f,PR,South,90,103,60,3380.49,1581.05,32.82029126213592,0.05825242718446602,13.242718446601941,4.194174757281553,0.0002513463355545381
db4350fd57ae30082dec7acbaacc17f9,SP,Southeast,137,146,51,3331.31,2090.33,22.81719178082192,0.041379310344827586,10.848275862068965,4.151724137931034,0.000247689702113063
643214e62b870443ccbe55ab29a4dccf,SP,Southeast,66,68,32,3270.13,929.65,48.09014705882353,0.12121212121212122,9.469696969696969,4.409090909090909,0.0002431408441637046
4c18691b6037662be2df78a765d98ab5,SP,Southeast,63,67,31,3195.52,1120.99,47.694328358208956,0.05970149253731343,9.029850746268657,3.8358208955223883,0.0002375934382859401
d57e18d5f73c7ccb7f7339b61166898d,SP,Southeast,61,63,25,3187.7,923.49,50.598412698412695,0.0,8.984126984126984,4.444444444444445,0.00023701200531496945
95f83f51203c626648c875dd41874c7f,MG,Southeast,51,66,11,3147.56,1582.94,47.69030303030303,0.03076923076923077,11.0,3.2153846153846155,0.0002340275143360998
3bdff180c7e1f6551a643b99c265a120,SP,Southeast,59,61,17,3114.9,1046.96,51.06393442622951,0.034482758620689655,10.275862068965518,4.120689655172414,0.00023159917663381072
8cbac7e12637ed9cffa18c7875207478,SC,South,67,82,21,2990.98,1663.37,36.47536585365854,0.04938271604938271,13.45679012345679,4.185185185185185,0.00022238547154906904
0c7533c71df861ec58ad7ff999ed0e8d,SP,Southeast,61,73,29,2989.2999999999997,874.21,40.94931506849315,0.0410958904109589,10.506849315068493,4.082191780821918,0.00022226056011796536
9646c3513289980f17226a2fc4720dbd,SP,Southeast,69,76,23,2964.4,1187.83,39.00526315789474,0.07894736842105263,12.605263157894736,4.342105263157895,0.0002204091942641075
f4aba7c0bca51484c30ab7bdc34bcdd1,SP,Southeast,108,115,12,2930.39,1493.69,25.48165217391304,0.06140350877192982,10.991228070175438,3.8947368421052633,0.00021788048130468154
a6fe7de3d16f6149ffe280349a8535a0,SP,Southeast,51,52,12,2904.7999999999997,742.62,55.86153846153846,0.11764705882352941,14.745098039215685,4.0,0.00021597781254162037
1838dd9b8977065acf51d95e0053ea7a,MG,Southeast,64,67,14,2820.3,1255.58,42.094029850746274,0.03076923076923077,12.461538461538462,4.338461538461538,0.0002096950649652754
5f1dc28029d2c244352a68107ec2b542,SP,Southeast,62,78,36,2807.3,996.16,35.991025641025644,0.02564102564102564,9.294871794871796,4.384615384615385,0.0002087284884150685
2a1348e9addc1af5aaa619b1a3679d6b,MG,Southeast,51,54,33,2793.1,773.17,51.724074074074075,0.29411764705882354,27.215686274509803,3.0,0.00020767268941407322
f7ccf836d21b2fb1de37564105216cc1,SP,Southeast,70,74,23,2787.4,1123.04,37.667567567567566,0.0684931506849315,10.95890410958904,3.780821917808219,0.00020724888277282865
a17f621c590ea0fab3d5d883e1630ec6,SP,Southeast,63,78,34,2677.92,1094.35,34.332307692307694,0.05128205128205128,11.615384615384615,4.012820512820513,0.0001991088211792399
b76dba6c951ab00dc4edf0a1aa88037e,SP,Southeast,159,169,37,2574.7799999999997,2307.1,15.235384615384614,0.029940119760479042,10.263473053892216,4.173652694610778,0.00019144015153398281
318f287a62ab7ac10b703ac37435a231,SP,Southeast,52,62,7,2517.48,1117.12,40.604516129032255,0.11475409836065574,12.114754098360656,3.918032786885246,0.00018717977950884004
cce6ab8d1682639fe45ab70234f1665f,SP,Southeast,62,65,16,2482.7,1150.97,38.19538461538461,0.03125,15.359375,4.53125,0.0001845938154768249
3504c0cb71d7fa48d967e0e4c94d59d9,SP,Southeast,53,53,14,2349.94,687.37,44.338490566037734,0.0,7.2075471698113205,4.415094339622642,0.0001747228383379425
fd386aa7bed2af3c7035c65506c9b4a3,SP,Southeast,69,76,41,2304.15,1012.02,30.31776315789474,0.10526315789473684,8.25,4.355263157894737,0.00017131825831994446
f214d28e8d8e3ef068748498ccc2f813,SP,Southeast,54,59,21,2212.41,809.11,37.498474576271185,0.07017543859649122,10.175438596491228,4.0701754385964914,0.0001644972019571765
4992e76a42cb3aad7a7047e0d3d7e729,SP,Southeast,57,74,23,2211.1,1007.47,29.87972972972973,0.0547945205479452,8.191780821917808,3.8767123287671232,0.00016439980078173259
f7720c4fa8e3aba4546301ab80ea1f1b,PR,South,60,78,28,2083.45,1335.52,26.710897435897433,0.03896103896103896,9.896103896103897,4.246753246753247,0.00015490876257912386
116ccb1a1604bc88e4d234a8c23f33de,SP,Southeast,61,73,27,2004.89,943.4399999999999,27.464246575342468,0.0273972602739726,8.643835616438356,4.602739726027397,0.00014906766613418111
25cf099de44674fde97473224f9d59ab,SP,Southeast,50,50,30,1654.36,705.19,33.087199999999996,0.04,9.3,4.26,0.00012300504473848633
d9a84e1403de8da0c3aa531d6d108ba6,SP,Southeast,54,59,35,1425.2,732.14,24.15593220338983,0.05172413793103448,7.413793103448276,4.620689655172414,0.00010596653071960803
002100f778ceb8431b7a1020ff7ab48f,SP,Southeast,51,55,24,1234.5,793.66,22.445454545454545,0.16666666666666666,16.0,4.037037037037037,9.178759624849572e-05
